pv,demand
0,2.328
0,2.238
0,2.168
0,2.075
0,2.049
0,2.109
0,2.179
0.009,2.319
0.103,2.451
0.274,2.529
0.52,2.549
0.717,2.552
0.789,2.488
0.717,2.431
0.511,2.448
0.233,2.558
0.027,2.764
0,2.973
0,3.009
0,2.902
0,2.722
0,2.545
0,2.534
0,2.339
0,2.213
0,2.094
0,2.072
0,2.057
0,2.137
0,2.425
0,2.86
0.009,3.275
0.099,3.534
0.229,3.671
0.395,3.675
0.552,3.66
0.632,3.564
0.587,3.497
0.439,3.476
0.22,3.535
0.022,3.667
0,3.805
0,3.727
0,3.506
0,3.212
0,2.942
0,2.882
0,2.653
0,2.499
0,2.358
0,2.294
0,2.221
0,2.269
0,2.568
0,2.973
0.009,3.38
0.081,3.622
0.157,3.75
0.278,3.826
0.35,3.919
0.309,3.88
0.251,3.796
0.202,3.718
0.139,3.731
0.031,3.784
0,3.853
0,3.759
0,3.539
0,3.242
0,2.954
0,2.897
0,2.644
0,2.469
0,2.365
0,2.295
0,2.262
0,2.334
0,2.625
0,3.032
0.009,3.422
0.09,3.701
0.188,3.777
0.332,3.724
0.475,3.686
0.552,3.578
0.516,3.533
0.372,3.532
0.175,3.587
0.027,3.691
0,3.815
0,3.71
0,3.49
0,3.223
0,2.956
0,2.887
0,2.649
0,2.472
0,2.351
0,2.302
0,2.264
0,2.32
0,2.581
0,2.955
0.009,3.346
0.081,3.607
0.126,3.779
0.188,3.83
0.269,3.869
0.318,3.786
0.296,3.672
0.22,3.621
0.135,3.595
0.031,3.658
0,3.756
0,3.658
0,3.436
0,3.157
0,2.873
0,2.838
0,2.603
0,2.448
0,2.308
0,2.234
0,2.156
0,2.181
0,2.28
0,2.397
0.009,2.608
0.099,2.801
0.242,2.958
0.489,3.017
0.731,2.99
0.839,2.858
0.771,2.77
0.534,2.711
0.247,2.781
0.036,2.961
0,3.177
0,3.168
0,3.05
0,2.871
0,2.682
0,2.666
0,2.472
0,2.337
0,2.214
0,2.181
0,2.098
0,2.128
0,2.284
0,2.493
0.013,2.759
0.103,2.969
0.26,3.087
0.489,3.059
0.704,3.014
0.794,2.939
0.74,2.88
0.538,2.875
0.247,2.971
0.036,3.151
0,3.344
0,3.282
0,3.105
0,2.909
0,2.703
0,2.717
0,2.522
0,2.404
0,2.251
0,2.215
0,2.153
0,2.177
0,2.267
0,2.396
0.013,2.606
0.09,2.807
0.202,2.992
0.368,3.124
0.511,3.217
0.565,3.138
0.507,3.037
0.359,2.976
0.17,2.99
0.036,3.094
0,3.234
0,3.25
0,3.139
0,2.963
0,2.772
0,2.805
0,2.6
0,2.487
0,2.34
0,2.297
0,2.285
0,2.388
0,2.759
0,3.408
0.013,3.942
0.081,4.222
0.112,4.312
0.17,4.382
0.238,4.428
0.269,4.336
0.238,4.35
0.184,4.287
0.121,4.253
0.036,4.273
0,4.289
0,4.199
0,3.977
0,3.684
0,3.382
0,3.293
0,3.034
0,2.889
0,2.746
0,2.698
0,2.648
0,2.759
0,3.11
0,3.697
0.013,4.174
0.094,4.404
0.188,4.454
0.332,4.495
0.453,4.439
0.498,4.309
0.484,4.255
0.372,4.205
0.22,4.244
0.045,4.351
0,4.467
0,4.389
0,4.177
0,3.876
0,3.607
0,3.561
0,3.291
0,3.133
0,2.992
0,2.962
0,2.871
0,2.924
0,3.228
0,3.809
0.013,4.3
0.099,4.46
0.215,4.387
0.359,4.331
0.439,4.285
0.363,4.228
0.287,4.22
0.224,4.155
0.152,4.162
0.058,4.255
0,4.313
0,4.227
0,4.018
0,3.684
0,3.369
0,3.279
0,3.025
0,2.826
0,2.69
0,2.629
0,2.601
0,2.699
0,3.053
0,3.638
0.013,4.158
0.112,4.333
0.296,4.217
0.52,4.137
0.695,4.11
0.767,4.064
0.682,4.049
0.475,4.029
0.233,4.014
0.049,4.125
0,4.258
0,4.191
0,3.982
0,3.688
0,3.38
0,3.273
0,3.026
0,2.866
0,2.742
0,2.653
0,2.618
0,2.679
0,3.004
0,3.604
0.013,4.058
0.09,4.265
0.179,4.304
0.291,4.293
0.381,4.218
0.408,4.069
0.368,3.939
0.274,3.923
0.157,3.906
0.045,4.002
0,4.124
0,4.083
0,3.802
0,3.531
0,3.301
0,3.204
0,2.954
0,2.754
0,2.609
0,2.549
0,2.477
0,2.506
0,2.687
0,2.856
0.013,3.117
0.117,3.315
0.327,3.412
0.637,3.365
0.883,3.25
0.987,3.137
0.87,3.076
0.587,3.084
0.274,3.166
0.054,3.304
0,3.498
0,3.465
0,3.296
0,3.111
0,2.899
0,2.884
0,2.641
0,2.48
0,2.313
0,2.26
0,2.212
0,2.224
0,2.337
0,2.452
0.013,2.667
0.099,2.894
0.224,3.097
0.444,3.247
0.61,3.357
0.592,3.31
0.48,3.272
0.35,3.214
0.188,3.216
0.049,3.257
0,3.358
0,3.364
0,3.244
0,3.082
0,2.935
0,3.014
0,2.829
0,2.718
0,2.592
0,2.531
0,2.527
0,2.649
0,3.071
0,3.749
0.013,4.286
0.103,4.523
0.26,4.542
0.453,4.469
0.614,4.443
0.686,4.27
0.628,4.198
0.48,4.185
0.251,4.264
0.054,4.371
0,4.446
0,4.35
0,4.12
0,3.823
0,3.55
0,3.41
0,3.206
0,3.035
0,2.896
0,2.852
0,2.806
0,2.881
0,3.259
0,3.86
0.013,4.373
0.103,4.548
0.26,4.509
0.471,4.405
0.668,4.35
0.753,4.322
0.682,4.377
0.453,4.355
0.22,4.324
0.058,4.338
0,4.454
0,4.372
0,4.131
0,3.838
0,3.505
0,3.385
0,3.136
0,3.019
0,2.862
0,2.785
0,2.761
0,2.843
0,3.222
0,3.811
0.013,4.327
0.112,4.544
0.278,4.57
0.489,4.53
0.673,4.493
0.744,4.271
0.673,4.221
0.489,4.233
0.265,4.271
0.058,4.374
0,4.49
0,4.417
0,4.209
0,3.925
0,3.63
0,3.522
0,3.284
0,3.158
0,3.043
0,2.978
0,2.929
0,3.01
0,3.372
0,3.962
0.018,4.496
0.09,4.743
0.179,4.791
0.309,4.858
0.422,4.855
0.498,4.807
0.484,4.76
0.372,4.661
0.215,4.617
0.058,4.661
0,4.762
0,4.652
0,4.41
0,4.112
0,3.812
0,3.718
0,3.458
0,3.328
0,3.18
0,3.113
0,3.044
0,3.117
0,3.438
0,3.975
0.018,4.493
0.094,4.709
0.197,4.729
0.318,4.739
0.426,4.694
0.489,4.583
0.466,4.469
0.345,4.382
0.197,4.309
0.063,4.359
0,4.502
0,4.419
0,4.17
0,3.865
0,3.57
0,3.499
0,3.297
0,3.168
0,3.006
0,2.93
0,2.87
0,2.856
0,2.988
0,3.142
0.018,3.406
0.103,3.69
0.265,3.862
0.462,3.985
0.596,4.018
0.637,3.965
0.578,3.873
0.426,3.799
0.229,3.775
0.072,3.784
0,3.897
0,3.817
0,3.646
0,3.452
0,3.248
0,3.225
0,3.01
0,2.857
0,2.699
0,2.641
0,2.591
0,2.585
0,2.676
0,2.78
0.018,2.985
0.108,3.272
0.3,3.536
0.538,3.702
0.722,3.773
0.798,3.654
0.731,3.525
0.547,3.35
0.291,3.305
0.076,3.352
0,3.578
0,3.615
0,3.491
0,3.303
0,3.1
0,3.155
0,3.019
0,2.934
0,2.824
0,2.785
0,2.756
0,2.853
0,3.204
0,3.786
0.018,4.373
0.09,4.671
0.157,4.792
0.256,4.869
0.327,4.908
0.354,4.803
0.323,4.728
0.242,4.63
0.152,4.544
0.067,4.524
0,4.59
0,4.493
0,4.257
0,3.919
0,3.585
0,3.48
0,3.227
0,3.067
0,2.934
0,2.898
0,2.853
0,2.919
0,3.216
0,3.795
0.022,4.305
0.099,4.556
0.202,4.656
0.35,4.732
0.471,4.761
0.529,4.621
0.502,4.554
0.386,4.483
0.224,4.463
0.081,4.439
0,4.529
0,4.449
0,4.215
0,3.882
0,3.534
0,3.43
0,3.174
0,3.072
0,2.912
0,2.856
0,2.803
0,2.881
0,3.192
0,3.776
0.022,4.315
0.117,4.561
0.265,4.648
0.444,4.677
0.619,4.688
0.713,4.602
0.704,4.591
0.574,4.507
0.345,4.43
0.103,4.418
0,4.534
0,4.418
0,4.174
0,3.876
0,3.559
0,3.43
0,3.187
0,3.048
0,2.915
0,2.861
0,2.836
0,2.942
0,3.272
0,3.893
0.027,4.434
0.117,4.688
0.274,4.798
0.462,4.864
0.632,4.873
0.717,4.748
0.677,4.679
0.538,4.584
0.327,4.546
0.094,4.511
0,4.567
0,4.472
0,4.253
0,3.925
0,3.625
0,3.502
0,3.265
0,3.148
0,3.032
0,2.98
0,2.911
0,2.979
0,3.314
0,3.881
0.027,4.386
0.126,4.661
0.305,4.765
0.493,4.791
0.664,4.746
0.735,4.599
0.7,4.453
0.565,4.375
0.341,4.324
0.108,4.331
0,4.479
0,4.409
0,4.154
0,3.833
0,3.522
0,3.441
0,3.229
0,3.025
0,2.907
0,2.828
0,2.77
0,2.763
0,2.865
0,3.03
0.027,3.308
0.13,3.582
0.341,3.829
0.592,3.991
0.776,4.037
0.843,3.973
0.776,3.826
0.596,3.709
0.35,3.658
0.112,3.658
0,3.812
0,3.747
0,3.542
0,3.32
0,3.125
0,3.103
0,2.898
0,2.753
0,2.624
0,2.6
0,2.527
0,2.546
0,2.628
0,2.75
0.031,2.944
0.17,3.172
0.489,3.387
0.874,3.511
1.17,3.555
1.287,3.418
1.202,3.302
0.933,3.196
0.552,3.194
0.143,3.268
0,3.5
0,3.586
0,3.48
0,3.294
0,3.084
0,3.128
0,2.969
0,2.917
0,2.765
0,2.744
0,2.731
0,2.85
0,3.213
0,3.876
0.031,4.45
0.148,4.701
0.332,4.75
0.578,4.685
0.816,4.631
0.91,4.437
0.785,4.36
0.565,4.359
0.332,4.363
0.112,4.377
0,4.531
0,4.474
0,4.237
0,3.92
0,3.59
0,3.494
0,3.227
0,3.093
0,2.939
0,2.846
0,2.833
0,2.877
0,3.217
0,3.809
0.036,4.282
0.148,4.498
0.35,4.479
0.596,4.471
0.812,4.45
0.91,4.305
0.874,4.26
0.709,4.23
0.43,4.231
0.139,4.279
0,4.391
0,4.347
0,4.15
0,3.859
0,3.563
0,3.437
0,3.175
0,3.05
0,2.906
0,2.845
0,2.804
0,2.878
0,3.242
0,3.825
0.031,4.322
0.143,4.493
0.314,4.512
0.511,4.543
0.664,4.528
0.704,4.399
0.668,4.284
0.583,4.181
0.381,4.238
0.139,4.273
0,4.41
0,4.34
0,4.129
0,3.831
0,3.515
0,3.441
0,3.223
0,3.058
0,2.925
0,2.844
0,2.824
0,2.927
0,3.252
0,3.882
0.036,4.387
0.13,4.633
0.287,4.733
0.471,4.804
0.601,4.823
0.655,4.741
0.592,4.722
0.439,4.596
0.256,4.53
0.108,4.483
0,4.613
0,4.519
0,4.291
0,3.963
0,3.652
0,3.535
0,3.267
0,3.135
0,3.002
0,2.923
0,2.862
0,2.937
0,3.236
0,3.775
0.036,4.294
0.13,4.494
0.291,4.544
0.493,4.545
0.641,4.445
0.682,4.361
0.655,4.283
0.529,4.182
0.327,4.172
0.139,4.21
0,4.295
0,4.246
0,3.986
0,3.667
0,3.371
0,3.267
0,3.061
0,2.91
0,2.755
0,2.668
0,2.606
0,2.625
0,2.773
0,2.961
0.04,3.228
0.148,3.445
0.39,3.592
0.713,3.66
0.996,3.634
1.148,3.513
1.112,3.446
0.888,3.383
0.547,3.395
0.193,3.468
0.004,3.654
0,3.63
0,3.477
0,3.271
0,3.046
0,3.06
0,2.872
0,2.727
0,2.595
0,2.543
0,2.492
0,2.492
0,2.577
0,2.711
0.045,2.909
0.215,3.091
0.578,3.201
1,3.238
1.318,3.203
1.426,3.089
1.309,2.98
1.004,2.977
0.592,3.035
0.193,3.153
0.004,3.409
0,3.512
0,3.419
0,3.24
0,3.095
0,3.15
0,2.966
0,2.899
0,2.805
0,2.792
0,2.763
0,2.881
0,3.287
0,3.884
0.045,4.397
0.184,4.626
0.426,4.596
0.686,4.534
0.888,4.454
0.973,4.299
0.919,4.276
0.722,4.258
0.462,4.277
0.179,4.313
0.004,4.508
0,4.524
0,4.305
0,3.984
0,3.71
0,3.629
0,3.372
0,3.233
0,3.079
0,3.041
0,3.011
0,3.11
0,3.459
0,4.069
0.049,4.571
0.229,4.695
0.534,4.578
0.87,4.412
1.13,4.327
1.247,4.166
1.188,4.101
0.969,4.044
0.614,4.081
0.233,4.239
0.009,4.52
0,4.565
0,4.383
0,4.075
0,3.736
0,3.62
0,3.387
0,3.232
0,3.103
0,3.061
0,2.999
0,3.089
0,3.463
0,4.09
0.054,4.611
0.229,4.805
0.529,4.715
0.852,4.667
1.09,4.557
1.166,4.357
1.094,4.191
0.892,4.106
0.592,4.164
0.229,4.266
0.009,4.57
0,4.62
0,4.413
0,4.097
0,3.769
0,3.683
0,3.442
0,3.312
0,3.164
0,3.113
0,3.043
0,3.144
0,3.48
0,4.082
0.081,4.548
0.332,4.684
0.762,4.517
1.247,4.41
1.614,4.266
1.78,4.09
1.709,4.004
1.39,3.947
0.901,4.001
0.354,4.15
0.018,4.455
0,4.527
0,4.346
0,4.034
0,3.733
0,3.654
0,3.407
0,3.309
0,3.156
0,3.082
0,3.035
0,3.136
0,3.491
0,4.036
0.085,4.483
0.345,4.596
0.807,4.417
1.336,4.271
1.758,4.123
1.942,3.906
1.861,3.759
1.52,3.72
0.982,3.8
0.386,3.904
0.031,4.18
0,4.265
0,4.036
0,3.761
0,3.471
0,3.39
0,3.178
0,3.014
0,2.882
0,2.804
0,2.75
0,2.777
0,2.936
0,3.114
0.085,3.35
0.3,3.557
0.753,3.667
1.296,3.714
1.682,3.606
1.807,3.5
1.709,3.399
1.278,3.352
0.798,3.375
0.314,3.421
0.031,3.612
0,3.621
0,3.428
0,3.245
0,3.022
0,3.044
0,2.827
0,2.66
0,2.517
0,2.456
0,2.385
0,2.389
0,2.495
0,2.59
0.081,2.808
0.251,3.011
0.632,3.143
1.054,3.192
1.39,3.14
1.556,3.016
1.507,2.875
1.269,2.807
0.843,2.806
0.336,2.913
0.036,3.197
0,3.383
0,3.281
0,3.099
0,2.917
0,3.007
0,2.792
0,2.723
0,2.61
0,2.599
0,2.578
0,2.696
0,3.077
0,3.679
0.09,4.196
0.274,4.412
0.619,4.39
1.031,4.34
1.372,4.263
1.534,4.076
1.507,4.005
1.265,3.907
0.857,3.931
0.368,3.971
0.036,4.185
0,4.282
0,4.078
0,3.746
0,3.414
0,3.324
0,3.109
0,2.987
0,2.87
0,2.812
0,2.754
0,2.842
0,3.181
0,3.742
0.094,4.232
0.305,4.398
0.682,4.33
1.117,4.268
1.471,4.212
1.673,4.07
1.659,3.997
1.404,3.916
0.951,3.943
0.408,3.978
0.04,4.211
0,4.289
0,4.075
0,3.759
0,3.433
0,3.344
0,3.106
0,2.946
0,2.812
0,2.759
0,2.727
0,2.809
0,3.176
0,3.773
0.099,4.265
0.283,4.499
0.65,4.487
1.099,4.431
1.489,4.332
1.726,4.123
1.731,3.969
1.471,3.823
0.991,3.851
0.426,3.992
0.045,4.269
0,4.398
0,4.202
0,3.829
0,3.515
0,3.395
0,3.131
0,2.997
0,2.898
0,2.85
0,2.812
0,2.908
0,3.262
0,3.884
0.099,4.349
0.318,4.493
0.744,4.404
1.256,4.263
1.704,4.151
1.933,3.904
1.865,3.806
1.538,3.728
1.018,3.781
0.435,3.882
0.049,4.169
0,4.287
0,4.107
0,3.803
0,3.478
0,3.382
0,3.126
0,2.962
0,2.785
0,2.693
0,2.662
0,2.732
0,3.07
0,3.643
0.108,4.057
0.269,4.154
0.547,4.177
0.839,4.166
1.054,4.149
1.139,4.031
1.076,3.882
0.861,3.759
0.556,3.777
0.269,3.804
0.045,3.959
0,3.966
0,3.733
0,3.442
0,3.155
0,3.078
0,2.854
0,2.729
0,2.572
0,2.499
0,2.429
0,2.428
0,2.548
0,2.729
0.112,2.955
0.265,3.203
0.578,3.336
0.955,3.328
1.341,3.286
1.475,3.097
1.39,2.929
1.139,2.82
0.785,2.827
0.354,2.956
0.058,3.194
0,3.3
0,3.138
0,2.953
0,2.73
0,2.711
0,2.494
0,2.342
0,2.208
0,2.16
0,2.101
0,2.154
0,2.256
0,2.356
0.112,2.524
0.242,2.771
0.547,2.981
0.942,2.998
1.368,3
1.628,2.894
1.552,2.824
1.152,2.719
0.673,2.743
0.323,2.836
0.081,3.084
0,3.227
0,3.121
0,2.932
0,2.738
0,2.795
0,2.641
0,2.567
0,2.414
0,2.368
0,2.359
0,2.477
0,2.867
0,3.494
0.121,3.929
0.336,4.049
0.735,4.013
1.179,4.024
1.556,4.022
1.785,3.775
1.798,3.624
1.565,3.592
1.085,3.668
0.502,3.697
0.072,3.921
0,4.052
0,3.883
0,3.605
0,3.263
0,3.187
0,2.936
0,2.788
0,2.663
0,2.612
0,2.578
0,2.648
0,3.006
0,3.579
0.135,3.942
0.413,4.016
0.879,3.867
1.368,3.787
1.74,3.753
1.915,3.569
1.852,3.449
1.552,3.367
1.063,3.389
0.489,3.437
0.076,3.681
0,3.857
0,3.709
0,3.418
0,3.121
0,3.054
0,2.822
0,2.686
0,2.565
0,2.506
0,2.484
0,2.573
0,2.917
0,3.498
0.152,3.918
0.444,4.015
0.946,3.907
1.475,3.812
1.879,3.711
2.04,3.533
1.91,3.442
1.552,3.353
1.018,3.402
0.457,3.517
0.081,3.815
0,3.985
0,3.788
0,3.462
0,3.141
0,3.039
0,2.824
0,2.677
0,2.544
0,2.499
0,2.47
0,2.562
0,2.953
0.004,3.527
0.121,3.977
0.265,4.125
0.547,4.135
0.843,4.082
1.018,4.026
1,3.878
0.888,3.848
0.731,3.838
0.525,3.834
0.278,3.819
0.076,3.986
0,4.085
0,3.888
0,3.563
0,3.239
0,3.124
0,2.865
0,2.721
0,2.584
0,2.534
0,2.511
0,2.557
0,2.901
0.009,3.456
0.135,3.854
0.359,3.914
0.794,3.878
1.305,3.856
1.735,3.811
1.897,3.668
1.798,3.559
1.502,3.457
1.022,3.451
0.471,3.521
0.081,3.708
0,3.801
0,3.638
0,3.311
0,3.023
0,2.956
0,2.738
0,2.613
0,2.468
0,2.452
0,2.421
0,2.438
0,2.566
0.013,2.761
0.135,3.003
0.413,3.203
0.928,3.287
1.444,3.341
1.857,3.347
2.081,3.215
1.996,3.105
1.637,3.096
1.085,3.136
0.48,3.173
0.085,3.352
0,3.438
0,3.283
0,3.073
0,2.857
0,2.855
0,2.65
0,2.529
0,2.438
0,2.399
0,2.334
0,2.334
0,2.427
0.013,2.547
0.148,2.749
0.457,2.999
0.987,3.193
1.417,3.336
1.668,3.376
1.821,3.281
1.767,3.159
1.484,3.068
1.022,3.038
0.466,3.076
0.094,3.252
0,3.439
0,3.363
0,3.175
0,2.986
0,3.02
0,2.857
0,2.773
0,2.652
0,2.636
0,2.573
0,2.687
0,3.076
0.018,3.724
0.152,4.175
0.422,4.361
0.839,4.402
1.193,4.405
1.251,4.41
0.969,4.306
0.789,4.29
0.646,4.26
0.439,4.231
0.251,4.226
0.099,4.354
0,4.47
0,4.257
0,3.902
0,3.58
0,3.45
0,3.197
0,3.055
0,2.916
0,2.874
0,2.826
0,2.907
0,3.233
0.022,3.848
0.188,4.255
0.552,4.403
1.09,4.369
1.628,4.316
2.018,4.191
2.193,4.002
2.108,3.926
1.776,3.857
1.247,3.877
0.619,3.975
0.126,4.18
0,4.341
0,4.185
0,3.855
0,3.506
0,3.387
0,3.129
0,3.008
0,2.883
0,2.824
0,2.775
0,2.86
0,3.207
0.022,3.845
0.175,4.286
0.507,4.44
1.004,4.425
1.507,4.325
1.865,4.239
1.982,4.057
1.825,4.025
1.457,3.949
0.978,3.924
0.48,3.985
0.117,4.182
0,4.348
0,4.149
0,3.82
0,3.476
0,3.36
0,3.093
0,2.934
0,2.778
0,2.727
0,2.71
0,2.81
0,3.177
0.027,3.768
0.179,4.16
0.511,4.203
1.004,4.131
1.453,4.085
1.767,3.996
1.888,3.879
1.794,3.837
1.502,3.714
1.045,3.71
0.529,3.777
0.13,4.004
0,4.194
0,4.028
0,3.702
0,3.365
0,3.255
0,3.042
0,2.893
0,2.774
0,2.708
0,2.68
0,2.787
0,3.12
0.031,3.685
0.161,4.051
0.453,4.159
0.933,4.101
1.359,3.986
1.65,3.895
1.776,3.726
1.722,3.575
1.48,3.484
1.076,3.474
0.556,3.561
0.139,3.773
0,3.968
0,3.796
0,3.49
0,3.216
0,3.145
0,2.923
0,2.767
0,2.63
0,2.572
0,2.504
0,2.534
0,2.676
0.036,2.856
0.215,2.973
0.695,3.076
1.439,3.132
2.117,3.124
2.601,3.072
2.812,2.91
2.682,2.793
2.233,2.689
1.534,2.692
0.731,2.816
0.161,3.121
0,3.364
0,3.26
0,3.061
0,2.848
0,2.858
0,2.646
0,2.494
0,2.351
0,2.304
0,2.255
0,2.279
0,2.38
0.04,2.498
0.193,2.654
0.61,2.82
1.193,2.947
1.677,2.998
1.982,3.028
2.117,2.91
2.067,2.815
1.771,2.716
1.233,2.701
0.619,2.757
0.148,2.993
0,3.251
0,3.169
0,2.976
0,2.773
0,2.789
0,2.617
0,2.5
0,2.408
0,2.379
0,2.377
0,2.527
0,2.871
0.04,3.517
0.175,3.935
0.48,4.07
0.897,4.035
1.256,4
1.314,3.976
1.067,3.896
0.91,3.888
0.749,3.859
0.52,3.88
0.3,3.85
0.135,3.98
0,4.084
0,3.911
0,3.616
0,3.273
0,3.17
0,2.906
0,2.751
0,2.626
0,2.574
0,2.557
0,2.635
0,2.984
0.049,3.571
0.17,3.963
0.471,4.127
0.942,4.067
1.372,4.01
1.673,3.942
1.776,3.752
1.673,3.665
1.439,3.653
1.04,3.684
0.543,3.741
0.152,3.9
0,4.081
0,3.913
0,3.588
0,3.274
0,3.154
0,2.896
0,2.773
0,2.641
0,2.6
0,2.558
0,2.648
0,3.024
0.049,3.58
0.233,3.828
0.61,3.815
1.027,3.818
1.251,3.902
1.399,3.869
1.538,3.778
1.444,3.9
1.13,3.83
0.794,3.696
0.466,3.686
0.152,3.821
0,4.007
0,3.844
0,3.503
0,3.205
0,3.113
0,2.862
0,2.703
0,2.564
0,2.514
0,2.506
0,2.579
0,2.936
0.054,3.497
0.193,3.866
0.462,3.971
0.816,3.99
1.166,3.921
1.453,3.856
1.726,3.63
1.812,3.538
1.596,3.495
1.17,3.478
0.65,3.535
0.193,3.728
0,3.902
0,3.781
0,3.473
0,3.173
0,3.079
0,2.835
0,2.695
0,2.583
0,2.538
0,2.51
0,2.59
0,2.947
0.054,3.489
0.224,3.727
0.619,3.752
1.13,3.742
1.605,3.795
1.874,3.731
1.915,3.612
1.794,3.568
1.552,3.509
1.112,3.481
0.565,3.469
0.166,3.594
0,3.752
0,3.584
0,3.31
0,3.067
0,2.974
0,2.753
0,2.601
0,2.436
0,2.414
0,2.371
0,2.392
0,2.573
0.058,2.716
0.247,2.886
0.726,3.004
1.341,3.105
1.839,3.163
2.009,3.205
1.888,3.128
1.821,3.069
1.596,2.96
1.09,2.964
0.605,3.019
0.251,3.208
0.004,3.375
0,3.236
0,3.038
0,2.809
0,2.8
0,2.611
0,2.473
0,2.338
0,2.322
0,2.271
0,2.283
0,2.385
0.058,2.442
0.269,2.528
0.816,2.615
1.502,2.749
2.076,2.843
2.395,2.913
2.43,2.788
2.179,2.713
1.753,2.686
1.197,2.659
0.583,2.69
0.175,2.867
0,3.11
0,3.085
0,2.918
0,2.706
0,2.738
0,2.576
0,2.467
0,2.376
0,2.366
0,2.339
0,2.466
0,2.871
0.063,3.465
0.211,3.811
0.543,3.926
0.982,3.923
1.341,3.966
1.601,3.933
1.749,3.756
1.758,3.685
1.605,3.557
1.242,3.508
0.731,3.522
0.238,3.71
0,3.93
0,3.825
0,3.531
0,3.231
0,3.124
0,2.845
0,2.679
0,2.549
0,2.492
0,2.437
0,2.504
0,2.869
0.063,3.424
0.17,3.838
0.413,4.034
0.695,4.085
0.919,4.168
1.022,4.186
1.072,4.095
1.157,4.044
1.135,3.924
0.888,3.841
0.444,3.786
0.157,3.854
0,3.953
0,3.841
0,3.528
0,3.251
0,3.119
0,2.862
0,2.725
0,2.598
0,2.572
0,2.538
0,2.652
0,3.027
0.072,3.609
0.197,4.005
0.525,4.166
1.027,4.109
1.57,4.025
2.013,3.905
2.224,3.703
2.17,3.619
1.897,3.521
1.39,3.544
0.762,3.647
0.242,3.825
0.004,4.042
0,3.947
0,3.625
0,3.329
0,3.208
0,3.011
0,2.84
0,2.716
0,2.679
0,2.64
0,2.721
0,3.077
0.09,3.618
0.354,3.842
0.928,3.807
1.65,3.721
2.206,3.655
2.57,3.62
2.704,3.469
2.601,3.377
2.256,3.287
1.65,3.276
0.906,3.368
0.291,3.683
0.004,4.009
0,3.913
0,3.635
0,3.326
0,3.221
0,2.964
0,2.813
0,2.687
0,2.654
0,2.623
0,2.703
0,3.068
0.09,3.55
0.363,3.765
0.969,3.741
1.704,3.704
2.296,3.654
2.296,3.572
1.776,3.341
1.404,3.217
1.193,3.133
0.874,3.128
0.493,3.237
0.256,3.49
0.018,3.739
0,3.646
0,3.35
0,3.067
0,2.966
0,2.782
0,2.619
0,2.493
0,2.44
0,2.374
0,2.374
0,2.508
0.099,2.65
0.386,2.729
1.099,2.817
1.96,2.901
2.664,2.848
3.108,2.841
3.229,2.673
3.076,2.566
2.623,2.437
1.901,2.459
1.072,2.567
0.345,2.817
0.013,3.084
0,3.055
0,2.867
0,2.654
0,2.642
0,2.436
0,2.299
0,2.165
0,2.136
0,2.065
0,2.069
0,2.183
0.108,2.248
0.39,2.31
1.063,2.392
1.861,2.47
2.529,2.53
2.987,2.573
3.103,2.484
2.874,2.395
2.305,2.331
1.561,2.345
0.807,2.442
0.247,2.661
0.018,2.963
0,2.959
0,2.777
0,2.575
0,2.597
0,2.423
0,2.321
0,2.206
0,2.192
0,2.169
0,2.269
0,2.658
0.099,3.24
0.202,3.603
0.462,3.734
0.825,3.696
1.215,3.74
1.538,3.762
1.691,3.667
1.664,3.63
1.511,3.534
1.17,3.45
0.691,3.456
0.265,3.6
0.018,3.783
0,3.69
0,3.387
0,3.091
0,2.962
0,2.704
0,2.504
0,2.402
0,2.342
0,2.315
0,2.419
0,2.784
0.112,3.347
0.341,3.633
0.906,3.648
1.556,3.548
1.987,3.553
2.17,3.559
2.17,3.401
2.058,3.372
1.803,3.352
1.354,3.343
0.794,3.376
0.291,3.517
0.022,3.745
0,3.692
0,3.367
0,3.04
0,2.894
0,2.632
0,2.504
0,2.384
0,2.317
0,2.3
0,2.369
0,2.729
0.121,3.286
0.372,3.669
0.987,3.675
1.717,3.568
2.278,3.426
2.601,3.341
2.673,3.199
2.525,3.176
2.188,3.11
1.646,3.137
0.946,3.198
0.341,3.436
0.027,3.704
0,3.628
0,3.327
0,3.018
0,2.883
0,2.656
0,2.491
0,2.369
0,2.331
0,2.332
0,2.412
0,2.779
0.13,3.278
0.408,3.621
1,3.693
1.646,3.633
2.157,3.537
2.484,3.445
2.587,3.291
2.484,3.311
2.161,3.309
1.61,3.345
0.928,3.363
0.327,3.516
0.031,3.665
0,3.583
0,3.278
0,2.987
0,2.861
0,2.597
0,2.47
0,2.351
0,2.295
0,2.257
0,2.33
0,2.674
0.126,3.224
0.363,3.522
0.857,3.585
1.386,3.604
1.749,3.631
1.964,3.651
1.946,3.541
1.731,3.53
1.377,3.486
0.96,3.416
0.525,3.392
0.211,3.504
0.031,3.6
0,3.467
0,3.158
0,2.865
0,2.764
0,2.576
0,2.437
0,2.305
0,2.247
0,2.18
0,2.217
0,2.346
0.126,2.53
0.332,2.74
0.776,2.974
1.22,3.115
1.556,3.142
1.942,3.133
2.269,3.004
2.395,2.821
2.247,2.613
1.731,2.585
1,2.671
0.354,2.888
0.04,3.099
0,3.034
0,2.799
0,2.616
0,2.576
0,2.386
0,2.233
0,2.091
0,2.065
0,2.018
0,2.089
0.009,2.176
0.152,2.279
0.498,2.371
1.166,2.49
1.717,2.627
2.027,2.715
2.238,2.651
2.336,2.584
2.166,2.576
1.798,2.565
1.179,2.592
0.578,2.69
0.215,2.839
0.036,2.899
0,2.792
0,2.595
0,2.595
0,2.43
0,2.329
0,2.186
0,2.151
0,2.135
0,2.238
0,2.642
0.009,3.333
0.121,3.831
0.278,4.109
0.583,4.136
0.928,4.169
1.224,4.228
1.596,4.107
1.987,4.043
2.103,3.838
1.821,3.658
1.35,3.586
0.789,3.616
0.305,3.766
0.036,3.86
0,3.697
0,3.402
0,3.244
0,2.988
0,2.836
0,2.744
0,2.704
0,2.684
0,2.768
0,3.123
0.013,3.723
0.143,4.08
0.413,4.216
0.897,4.222
1.399,4.232
1.767,4.149
2.013,3.922
2.076,3.787
2.013,3.64
1.825,3.564
1.448,3.499
0.906,3.552
0.354,3.719
0.04,3.837
0,3.686
0,3.356
0,3.204
0,2.95
0,2.749
0,2.64
0,2.594
0,2.546
0,2.637
0,2.985
0.018,3.63
0.126,4.063
0.341,4.227
0.816,4.221
1.345,4.241
1.753,4.221
2.031,4.092
2.117,3.972
1.942,3.836
1.592,3.707
1.157,3.607
0.668,3.616
0.269,3.743
0.04,3.804
0,3.604
0,3.28
0,3.121
0,2.874
0,2.703
0,2.564
0,2.5
0,2.469
0,2.573
0,2.91
0.022,3.516
0.139,3.93
0.359,4.05
0.803,4.063
1.215,4.031
1.462,4.033
1.646,3.97
1.78,3.901
1.691,3.767
1.363,3.791
0.978,3.77
0.525,3.781
0.238,3.822
0.049,3.785
0,3.533
0,3.236
0,3.098
0,2.841
0,2.69
0,2.538
0,2.439
0,2.448
0,2.542
0,2.852
0.054,3.418
0.3,3.774
0.794,3.851
1.641,3.839
2.552,3.924
3.287,3.923
3.664,3.803
3.489,3.586
3.148,3.529
2.753,3.501
2.143,3.533
1.188,3.557
0.516,3.576
0.108,3.502
0,3.274
0,2.962
0,2.889
0,2.669
0,2.539
0,2.409
0,2.35
0,2.281
0,2.301
0,2.431
0.054,2.594
0.305,2.772
0.96,2.909
2.229,2.975
3.417,3
4.22,3.059
4.825,2.977
4.937,2.87
4.605,2.761
3.942,2.67
2.942,2.658
1.659,2.733
0.605,2.842
0.117,2.932
0,2.845
0,2.649
0,2.624
0,2.416
0,2.261
0,2.131
0,2.094
0,2.023
0,2.031
0,2.126
0.063,2.242
0.305,2.401
0.951,2.539
2.103,2.658
3.126,2.751
3.789,2.842
4.126,2.763
4.157,2.704
3.919,2.644
3.296,2.582
2.48,2.584
1.493,2.686
0.632,2.838
0.152,2.943
0,2.856
0,2.675
0,2.729
0,2.568
0,2.485
0,2.36
0,2.344
0,2.327
0,2.44
0,2.796
0.063,3.384
0.327,3.821
0.964,3.993
2.049,3.972
3.031,3.983
3.803,4.016
4.457,3.899
4.798,3.772
4.7,3.64
4.157,3.551
3.179,3.494
1.91,3.564
0.767,3.707
0.13,3.785
0,3.625
0,3.305
0,3.168
0,2.972
0,2.849
0,2.692
0,2.649
0,2.623
0,2.722
0,3.069
0.072,3.579
0.354,3.904
1.103,3.962
2.327,3.842
3.561,3.781
4.475,3.707
5.108,3.462
5.327,3.305
5.112,3.174
4.471,3.129
3.404,3.145
2.027,3.282
0.803,3.529
0.148,3.662
0,3.565
0,3.274
0,3.151
0,2.927
0,2.775
0,2.675
0,2.667
0,2.636
0,2.711
0,3.017
0.076,3.545
0.381,3.845
1.175,3.886
2.457,3.709
3.587,3.6
4.363,3.559
4.493,3.396
3.955,3.326
3.484,3.178
2.955,3.15
2.247,3.161
1.332,3.298
0.601,3.531
0.13,3.65
0,3.575
0,3.297
0,3.187
0,2.932
0,2.793
0,2.674
0,2.625
0,2.611
0,2.697
0,2.998
0.085,3.515
0.399,3.846
1.238,3.873
2.614,3.717
3.892,3.628
4.664,3.596
5.152,3.408
5.309,3.293
5.081,3.199
4.439,3.149
3.413,3.098
2.085,3.195
0.857,3.409
0.161,3.584
0,3.479
0,3.179
0,3.076
0,2.819
0,2.68
0,2.561
0,2.505
0,2.482
0,2.544
0,2.813
0.103,3.242
0.408,3.549
1.265,3.661
2.596,3.629
3.848,3.522
4.677,3.467
5.166,3.263
5.188,3.13
4.803,3.043
4.058,3.052
2.987,3.068
1.753,3.187
0.704,3.286
0.161,3.37
0,3.22
0,2.93
0,2.818
0,2.588
0,2.42
0,2.285
0,2.218
0,2.154
0,2.176
0,2.313
0.108,2.463
0.296,2.693
0.762,2.987
1.498,3.173
2.233,3.288
2.753,3.322
3.193,3.233
3.489,3.14
3.52,3.052
3.157,2.987
2.448,2.931
1.547,2.965
0.637,2.969
0.161,2.98
0,2.891
0,2.653
0,2.624
0,2.406
0,2.255
0,2.124
0,2.078
0,2.016
0,2.023
0,2.096
0.117,2.2
0.377,2.368
1.099,2.563
2.166,2.711
3.143,2.79
3.776,2.823
4.296,2.654
4.565,2.497
4.498,2.392
3.946,2.354
3.081,2.323
1.933,2.403
0.821,2.526
0.188,2.629
0,2.611
0,2.452
0,2.478
0,2.292
0,2.179
0,2.068
0,2.022
0,1.978
0,2.019
0,2.152
0.13,2.285
0.462,2.393
1.502,2.475
3.148,2.546
4.843,2.516
6.063,2.495
6.915,2.346
7.229,2.187
6.937,2.045
6.067,1.978
4.709,1.993
2.91,2.17
1.197,2.445
0.229,2.687
0,2.742
0,2.561
0,2.575
0,2.398
0,2.327
0,2.187
0,2.161
0,2.138
0,2.231
0,2.619
0.135,3.199
0.386,3.656
0.888,3.826
1.525,3.882
2.161,3.962
2.659,4.046
2.946,3.957
3.13,3.84
3.076,3.677
2.789,3.59
2.269,3.425
1.534,3.387
0.731,3.488
0.206,3.573
0,3.424
0,3.15
0,2.981
0,2.744
0,2.609
0,2.475
0,2.424
0,2.391
0,2.477
0,2.846
0.139,3.422
0.422,3.675
1.166,3.701
2.305,3.591
3.475,3.557
4.242,3.552
4.251,3.442
3.502,3.369
3.013,3.304
2.601,3.298
1.982,3.22
1.247,3.26
0.619,3.379
0.184,3.455
0,3.364
0,3.059
0,2.943
0,2.673
0,2.528
0,2.382
0,2.337
0,2.316
0,2.402
0,2.761
0.148,3.344
0.296,3.761
0.583,4
1.215,4.036
1.901,4.092
2.386,4.05
2.547,3.95
2.471,3.952
2.354,3.903
1.996,3.835
1.475,3.715
0.973,3.694
0.475,3.727
0.197,3.704
0,3.509
0,3.235
0,3.124
0,2.859
0,2.702
0,2.582
0,2.561
0,2.532
0,2.626
0,2.926
0.152,3.494
0.287,3.924
0.552,4.234
0.982,4.332
1.462,4.416
1.852,4.429
2.179,4.234
2.395,4.009
2.453,3.827
2.305,3.698
1.852,3.627
1.175,3.622
0.578,3.639
0.22,3.596
0,3.415
0,3.127
0,3.025
0,2.809
0,2.641
0,2.486
0,2.403
0,2.323
0,2.342
0,2.448
0.166,2.608
0.323,2.787
0.726,3.002
1.395,3.166
2.072,3.257
2.646,3.317
3.085,3.216
3.386,3.07
3.493,2.946
3.117,2.885
2.422,2.862
1.556,2.916
0.673,2.934
0.224,2.933
0,2.883
0,2.684
0,2.636
0,2.45
0,2.298
0,2.146
0,2.103
0,2.039
0,2.039
0,2.112
0.175,2.195
0.435,2.327
1.206,2.474
2.287,2.611
3.202,2.713
3.753,2.802
4.274,2.7
4.614,2.539
4.623,2.446
4.09,2.413
3.269,2.428
2.17,2.507
0.951,2.605
0.247,2.748
0,2.733
0,2.592
0,2.612
0,2.437
0,2.335
0,2.223
0,2.191
0,2.179
0,2.272
0,2.675
0.184,3.249
0.448,3.676
1.139,3.846
2.099,3.793
3,3.716
3.457,3.687
3.776,3.553
3.946,3.504
3.915,3.362
3.578,3.321
2.87,3.267
1.857,3.323
0.821,3.385
0.251,3.433
0,3.345
0,3.063
0,2.917
0,2.679
0,2.541
0,2.389
0,2.328
0,2.287
0,2.384
0,2.705
0.188,3.265
0.354,3.671
0.798,3.807
1.457,3.795
2.058,3.777
2.493,3.774
2.946,3.618
3.197,3.561
3.278,3.496
3.009,3.478
2.484,3.448
1.682,3.457
0.78,3.482
0.265,3.493
0,3.36
0,3.075
0,2.964
0,2.71
0,2.56
0,2.389
0,2.321
0,2.281
0,2.351
0,2.714
0.197,3.254
0.457,3.632
1.085,3.767
1.874,3.735
2.484,3.778
2.771,3.885
3.04,3.787
3.139,3.771
2.915,3.691
2.462,3.645
1.946,3.552
1.291,3.54
0.614,3.575
0.247,3.591
0,3.441
0,3.145
0,3.036
0,2.774
0,2.603
0,2.467
0,2.401
0,2.356
0,2.419
0,2.772
0.197,3.309
0.413,3.691
0.991,3.79
1.74,3.714
2.417,3.628
2.951,3.554
3.471,3.375
3.749,3.227
3.789,3.123
3.48,3.069
2.843,3.068
1.897,3.164
0.883,3.306
0.283,3.395
0,3.308
0,3.043
0,2.915
0,2.657
0,2.479
0,2.315
0,2.275
0,2.228
0,2.299
0,2.629
0.22,3.129
0.605,3.403
1.614,3.441
2.96,3.331
4.094,3.269
4.821,3.201
5.359,3.067
5.529,2.964
5.296,2.861
4.565,2.768
3.646,2.766
2.413,2.819
1.121,2.924
0.332,3.041
0,3.025
0,2.807
0,2.71
0,2.501
0,2.358
0,2.199
0,2.125
0,2.06
0,2.088
0,2.206
0.242,2.326
0.762,2.41
2.099,2.47
3.96,2.47
5.628,2.452
6.682,2.451
7.305,2.317
7.359,2.198
6.924,2.095
6.054,2.048
4.753,2.063
3.076,2.18
1.39,2.335
0.377,2.474
0,2.548
0,2.388
0,2.352
0,2.167
0,2.046
0,1.9
0,1.859
0,1.797
0,1.812
0,1.904
0.247,1.944
0.744,1.997
2,2.079
3.641,2.144
5.036,2.228
5.839,2.242
6.112,2.173
5.888,2.066
5.336,2.019
4.323,2.008
3.112,2.064
1.937,2.188
0.834,2.334
0.296,2.479
0.004,2.51
0,2.362
0,2.389
0,2.217
0,2.135
0,2.03
0,1.99
0,1.953
0,2.058
0,2.422
0.233,2.935
0.475,3.331
1.013,3.554
1.628,3.619
2.166,3.747
2.7,3.809
3.233,3.627
3.336,3.501
3.224,3.384
2.821,3.348
2.291,3.31
1.574,3.319
0.767,3.334
0.305,3.29
0.004,3.208
0,2.99
0,2.89
0,2.623
0,2.498
0,2.368
0,2.336
0,2.288
0,2.368
0.009,2.695
0.251,3.18
0.673,3.43
1.592,3.43
2.587,3.301
3.332,3.361
3.691,3.485
3.87,3.375
3.91,3.349
3.682,3.257
3.157,3.223
2.489,3.209
1.709,3.273
0.857,3.354
0.332,3.379
0.004,3.317
0,3.083
0,2.949
0,2.685
0,2.552
0,2.402
0,2.34
0,2.286
0,2.384
0.009,2.721
0.247,3.207
0.65,3.483
1.57,3.531
2.686,3.451
3.561,3.508
4.13,3.535
4.659,3.352
5.004,3.273
4.937,3.157
4.448,3.045
3.587,3.028
2.377,3.086
1.112,3.222
0.368,3.313
0.004,3.289
0,3.085
0,2.943
0,2.717
0,2.547
0,2.409
0,2.37
0,2.328
0,2.395
0.013,2.746
0.265,3.257
0.762,3.555
1.901,3.634
3.202,3.565
4.067,3.506
4.462,3.374
4.807,3.231
4.87,3.21
4.673,3.104
4.09,2.995
3.305,2.926
2.22,2.991
1.049,3.11
0.377,3.231
0.009,3.23
0,3.029
0,2.885
0,2.628
0,2.484
0,2.339
0,2.282
0,2.249
0,2.345
0.018,2.65
0.265,3.11
0.695,3.364
1.682,3.487
2.946,3.463
4.054,3.462
4.637,3.478
4.709,3.448
4.135,3.441
3.188,3.448
2.117,3.364
1.323,3.321
0.821,3.291
0.475,3.261
0.283,3.207
0.013,3.106
0,2.849
0,2.717
0,2.493
0,2.336
0,2.193
0,2.114
0,2.035
0,2.042
0.027,2.163
0.251,2.283
0.587,2.421
1.484,2.539
2.744,2.597
4.054,2.636
5.103,2.67
5.78,2.503
5.969,2.355
5.744,2.319
4.982,2.32
3.933,2.343
2.601,2.421
1.211,2.479
0.395,2.552
0.018,2.574
0,2.438
0,2.376
0,2.181
0,2.053
0,1.917
0,1.878
0,1.812
0,1.808
0.036,1.864
0.256,1.928
0.713,2.024
1.726,2.128
2.987,2.274
4.184,2.346
5.193,2.366
6.188,2.246
6.655,2.115
6.57,1.978
5.852,1.877
4.659,1.856
3.081,1.972
1.453,2.134
0.444,2.312
0.022,2.412
0,2.336
0,2.322
0,2.135
0,2.034
0,1.912
0,1.877
0,1.832
0,1.86
0.04,1.943
0.283,2.001
0.857,2.053
2.058,2.15
3.709,2.235
5.345,2.281
6.574,2.404
7.265,2.312
7.152,2.205
6.57,2.118
5.57,2.131
4.265,2.148
2.713,2.268
1.247,2.4
0.395,2.495
0.027,2.519
0,2.361
0,2.341
0,2.158
0,2.055
0,1.942
0,1.916
0,1.895
0,1.999
0.054,2.348
0.247,2.942
0.48,3.343
0.964,3.535
1.538,3.57
2.049,3.577
2.336,3.619
2.435,3.553
2.399,3.535
2.341,3.486
2.215,3.45
1.839,3.41
1.238,3.371
0.664,3.37
0.323,3.332
0.036,3.228
0,2.961
0,2.797
0,2.526
0,2.386
0,2.248
0,2.196
0,2.156
0,2.233
0.054,2.573
0.26,3.134
0.601,3.467
1.283,3.581
2.126,3.539
2.91,3.531
3.502,3.485
3.892,3.369
4.072,3.349
4.152,3.297
3.861,3.288
3.283,3.246
2.35,3.224
1.202,3.232
0.435,3.215
0.045,3.198
0,2.986
0,2.829
0,2.569
0,2.408
0,2.263
0,2.209
0,2.189
0,2.257
0.058,2.589
0.314,3.097
0.973,3.298
2.287,3.287
3.785,3.145
5.04,3.087
5.848,3.053
6.354,2.947
6.453,2.886
6.179,2.796
5.457,2.768
4.417,2.748
2.991,2.838
1.466,2.998
0.502,3.149
0.054,3.159
0,2.97
0,2.812
0,2.538
0,2.398
0,2.237
0,2.177
0,2.145
0,2.216
0.067,2.537
0.314,3.011
0.987,3.206
2.274,3.2
3.735,3.092
5.036,3.062
5.883,3.001
6.35,2.873
6.345,2.783
5.933,2.719
5.112,2.653
4.004,2.661
2.623,2.788
1.269,2.909
0.435,2.951
0.054,2.928
0,2.721
0,2.608
0,2.38
0,2.242
0,2.087
0,1.99
0,1.893
0,1.906
0.072,2.011
0.287,2.139
0.749,2.284
1.623,2.459
2.695,2.519
3.713,2.542
4.413,2.563
4.946,2.517
5.121,2.434
4.951,2.337
4.336,2.25
3.489,2.247
2.453,2.302
1.287,2.399
0.457,2.468
0.072,2.512
0,2.405
0,2.33
0,2.127
0,1.988
0,1.845
0,1.809
0,1.75
0,1.751
0.076,1.78
0.309,1.823
1.049,1.903
2.422,1.976
4.184,2.045
5.74,2.119
6.57,2.185
6.919,2.129
6.807,2.056
6.305,2.038
5.305,2.046
4.108,2.121
2.709,2.241
1.318,2.363
0.444,2.461
0.081,2.494
0,2.388
0,2.376
0,2.189
0,2.073
0,1.981
0,1.95
0,1.928
0,2.005
0.076,2.369
0.291,2.941
0.726,3.341
1.565,3.507
2.561,3.518
3.417,3.489
3.96,3.403
4.426,3.185
4.552,3.082
4.3,2.964
3.717,2.963
2.933,2.951
1.982,3.044
1,3.14
0.399,3.187
0.072,3.132
0,2.907
0,2.758
0,2.466
0,2.32
0,2.162
0,2.123
0,2.078
0,2.152
0.09,2.462
0.327,2.972
0.991,3.245
2.242,3.292
3.637,3.227
4.852,3.184
5.614,3.152
6.04,3.053
6.058,3.006
5.762,2.925
5.094,2.889
4.121,2.848
2.816,2.912
1.408,3.062
0.498,3.111
0.081,3.11
0,2.882
0,2.727
0,2.446
0,2.304
0,2.16
0,2.105
0,2.078
0,2.131
0.094,2.453
0.291,2.954
0.682,3.244
1.314,3.371
1.96,3.383
2.493,3.423
2.794,3.468
3.009,3.359
2.933,3.317
2.785,3.27
2.448,3.278
1.982,3.243
1.336,3.272
0.7,3.297
0.336,3.273
0.085,3.161
0,2.925
0,2.76
0,2.496
0,2.344
0,2.205
0,2.137
0,2.101
0,2.162
0.103,2.474
0.283,3.031
0.619,3.355
1.224,3.509
1.852,3.518
2.287,3.556
2.363,3.648
2.565,3.611
2.996,3.621
3.045,3.565
2.735,3.514
2.202,3.463
1.507,3.436
0.794,3.411
0.377,3.327
0.09,3.177
0,2.948
0,2.799
0,2.526
0,2.377
0,2.216
0,2.157
0,2.108
0,2.179
0.103,2.5
0.256,3.047
0.439,3.379
0.821,3.553
1.22,3.614
1.596,3.634
1.906,3.65
2.269,3.509
2.57,3.356
2.623,3.261
2.377,3.198
1.915,3.174
1.274,3.222
0.673,3.196
0.327,3.14
0.094,3.047
0,2.82
0,2.695
0,2.453
0,2.316
0,2.132
0,2.055
0,1.991
0,1.999
0.112,2.108
0.274,2.249
0.619,2.41
1.341,2.614
2.318,2.786
3.377,2.853
4.148,2.869
4.646,2.754
4.879,2.648
4.735,2.585
4.242,2.584
3.39,2.548
2.318,2.605
1.242,2.591
0.475,2.587
0.103,2.576
0,2.444
0,2.385
0,2.182
0,2.036
0,1.898
0,1.861
0,1.797
0,1.788
0.121,1.839
0.278,1.938
0.592,2.074
1.022,2.267
1.574,2.477
1.996,2.635
2.215,2.726
2.211,2.673
1.753,2.595
1.283,2.537
1.004,2.492
0.834,2.492
0.677,2.498
0.48,2.561
0.309,2.606
0.108,2.57
0,2.448
0,2.455
0,2.265
0,2.15
0,2.013
0,1.978
0,1.956
0,2.043
0.117,2.387
0.291,2.965
0.664,3.372
1.422,3.508
2.296,3.492
3.054,3.518
3.48,3.589
3.865,3.442
4.175,3.27
4.404,3.168
4.17,3.049
3.574,2.978
2.556,3.039
1.354,3.12
0.52,3.116
0.117,3.081
0,2.911
0,2.766
0,2.519
0,2.367
0,2.212
0,2.15
0,2.086
0,2.178
0.121,2.458
0.309,2.997
0.731,3.379
1.457,3.553
2.211,3.637
2.798,3.802
2.897,3.936
2.673,3.95
2.278,3.883
1.848,3.737
1.489,3.634
1.112,3.609
0.7,3.572
0.413,3.546
0.283,3.414
0.108,3.246
0,3.01
0,2.872
0,2.618
0,2.494
0,2.373
0,2.338
0,2.293
0,2.355
0.13,2.674
0.265,3.198
0.516,3.629
1.045,3.854
1.686,3.951
2.265,4.015
2.596,4.02
2.812,3.929
2.883,3.891
2.722,3.816
2.408,3.716
2.004,3.584
1.457,3.53
0.825,3.453
0.386,3.397
0.126,3.241
0,3.011
0,2.84
0,2.582
0,2.442
0,2.276
0,2.231
0,2.16
0,2.139
0.13,2.152
0.359,2.182
1.17,2.302
2.489,2.457
4.027,2.604
5.309,2.732
5.924,2.817
6.076,2.728
5.794,2.621
5.332,2.545
4.614,2.487
3.659,2.481
2.43,2.549
1.215,2.618
0.453,2.612
0.135,2.638
0,2.533
0,2.47
0,2.243
0,2.127
0,2.001
0,1.973
0,1.932
0,1.987
0.135,2.205
0.314,2.546
0.807,2.787
1.691,2.963
2.668,2.995
3.498,3.013
3.955,2.973
4.256,2.84
4.381,2.712
4.296,2.641
3.897,2.612
3.35,2.645
2.413,2.75
1.274,2.787
0.475,2.759
0.143,2.71
0,2.593
0,2.49
0,2.276
0,2.149
0,2
0,1.938
0,1.87
0,1.883
0.139,1.986
0.354,2.1
0.969,2.225
2.022,2.389
3.269,2.502
4.516,2.541
5.444,2.508
5.991,2.395
6.076,2.34
5.794,2.291
5.148,2.325
4.283,2.336
3.13,2.413
1.704,2.413
0.637,2.411
0.157,2.402
0,2.32
0,2.281
0,2.092
0,1.982
0,1.862
0,1.831
0,1.755
0,1.753
0.148,1.792
0.399,1.847
1.26,1.912
2.655,2.03
4.39,2.085
6.036,2.148
6.982,2.229
7.471,2.114
7.475,2.074
7.036,2.005
6.121,1.937
5.108,1.968
3.668,2.104
1.973,2.238
0.726,2.362
0.161,2.409
0,2.343
0,2.35
0,2.183
0,2.085
0,1.956
0,1.938
0,1.901
0,1.971
0.143,2.298
0.413,2.823
1.211,3.12
2.511,3.185
3.848,3.137
5,3.101
5.677,3.143
5.982,3.073
5.874,3.046
5.395,3.002
4.673,3.007
3.771,2.984
2.731,3.021
1.502,3.081
0.605,3.113
0.161,3.076
0,2.923
0,2.72
0,2.435
0,2.283
0,2.148
0,2.113
0,2.071
0,2.137
0.152,2.41
0.404,2.897
1.193,3.233
2.453,3.34
3.758,3.271
4.87,3.272
5.404,3.31
5.35,3.201
4.834,3.332
4.054,3.52
3.211,3.603
2.386,3.561
1.704,3.487
0.897,3.378
0.408,3.194
0.157,3.056
0,2.893
0,2.71
0,2.445
0,2.313
0,2.157
0,2.092
0,2.044
0,2.118
0.161,2.385
0.309,2.936
0.7,3.352
1.318,3.508
2.009,3.504
2.605,3.539
2.843,3.613
2.843,3.597
2.776,3.614
2.731,3.552
2.561,3.515
2.233,3.429
1.704,3.379
0.937,3.318
0.413,3.276
0.161,3.113
0,2.911
0,2.727
0,2.462
0,2.335
0,2.185
0,2.109
0,2.073
0,2.163
0.157,2.418
0.377,2.922
1.099,3.269
2.341,3.338
3.623,3.253
4.74,3.197
5.448,3.185
5.874,3.067
5.964,2.952
5.713,2.872
5.099,2.847
4.269,2.867
3.058,2.947
1.619,3.04
0.632,3.081
0.179,3.031
0,2.902
0,2.738
0,2.448
0,2.308
0,2.175
0,2.11
0,2.039
0,2.096
0.161,2.363
0.413,2.848
1.215,3.161
2.489,3.215
3.758,3.119
4.83,3.098
5.426,3.105
5.673,3.047
5.673,2.971
5.43,2.902
4.924,2.881
4.13,2.838
2.955,2.889
1.578,2.917
0.61,2.897
0.179,2.815
0,2.691
0,2.555
0,2.296
0,2.157
0,2
0,1.938
0,1.861
0,1.856
0.17,1.914
0.453,2.041
1.404,2.149
2.901,2.26
4.61,2.32
6.121,2.333
7.09,2.33
7.695,2.265
7.83,2.173
7.502,2.095
6.686,2.068
5.516,2.115
3.919,2.178
2.13,2.256
0.825,2.322
0.202,2.358
0,2.327
0,2.254
0,2.039
0,1.912
0,1.762
0,1.704
0,1.649
0,1.65
0.17,1.676
0.453,1.722
1.448,1.816
3.027,1.912
4.951,2.001
6.632,2.059
7.628,2.09
8.121,2
8.009,1.921
7.43,1.873
6.466,1.868
5.256,1.92
3.726,2.057
2.054,2.157
0.798,2.196
0.211,2.219
0,2.183
0,2.142
0,1.968
0,1.844
0,1.717
0,1.68
0,1.623
0,1.63
0.175,1.676
0.466,1.752
1.466,1.855
3.004,1.991
4.825,2.079
6.399,2.157
7.287,2.189
7.794,2.119
7.906,2.039
7.552,1.991
6.677,1.958
5.48,2.022
3.901,2.139
2.135,2.241
0.834,2.33
0.215,2.349
0,2.321
0,2.312
0,2.099
0,1.98
0,1.865
0,1.832
0,1.803
0,1.87
0.175,2.135
0.426,2.697
1.22,3.019
2.457,3.177
3.749,3.16
4.821,3.088
5.336,3.062
5.538,2.996
5.601,2.989
5.444,2.988
4.991,2.993
4.215,2.984
3.063,3.039
1.677,3.055
0.682,3.05
0.215,2.977
0,2.829
0,2.676
0,2.395
0,2.239
0,2.099
0,2.027
0,2.003
0,2.036
0.175,2.305
0.426,2.82
1.17,3.087
2.332,3.163
3.511,3.129
4.511,3.155
5.103,3.196
5.395,3.092
5.363,3.078
5.094,3.034
4.605,3.044
3.96,3.028
2.942,3.057
1.637,3.076
0.682,3.061
0.224,2.965
0,2.865
0,2.706
0,2.404
0,2.236
0,2.101
0,2.058
0,2.014
0,2.077
0.184,2.352
0.462,2.842
1.336,3.105
2.682,3.142
4.031,3.048
5.112,2.97
5.659,2.917
5.848,2.797
5.785,2.735
5.556,2.716
5,2.751
4.256,2.806
3.103,2.916
1.726,3.046
0.709,3.083
0.233,2.995
0,2.84
0,2.691
0,2.429
0,2.268
0,2.123
0,2.058
0,2.011
0,2.052
0.188,2.298
0.471,2.751
1.368,3.025
2.735,3.126
4.112,3.046
5.305,2.968
5.928,2.908
6.161,2.762
6.188,2.669
5.91,2.647
5.265,2.674
4.341,2.73
3.112,2.823
1.726,2.903
0.7,2.915
0.238,2.835
0,2.676
0,2.553
0,2.304
0,2.154
0,2.026
0,1.956
0,1.876
0,1.886
0.188,1.938
0.475,2.049
1.444,2.174
2.915,2.258
4.534,2.283
5.942,2.232
6.812,2.181
7.26,2.068
7.233,1.991
6.839,1.961
6.072,1.981
5.013,2.067
3.655,2.21
2.022,2.327
0.803,2.397
0.242,2.409
0,2.337
0,2.282
0,2.082
0,1.946
0,1.829
0,1.786
0,1.721
0,1.708
0.184,1.73
0.377,1.783
0.991,1.867
1.834,1.962
2.556,2.02
3.121,2.036
3.565,2.04
3.897,1.929
4.063,1.858
3.951,1.831
3.39,1.847
2.713,1.945
1.937,2.13
1.058,2.263
0.457,2.357
0.224,2.367
0,2.312
0,2.292
0,2.109
0,2.095
0,1.971
0,1.926
0,1.885
0,1.956
0.184,2.239
0.314,2.739
0.65,3.078
1.139,3.225
1.632,3.205
2.161,3.187
2.686,3.178
3.072,3.099
3.121,3.056
3.009,3.031
2.883,3.032
2.489,3.057
1.848,3.102
1.022,3.141
0.462,3.113
0.224,2.999
0,2.821
0,2.669
0,2.4
0,2.187
0,2.054
0,1.998
0,1.934
0,1.995
0.188,2.259
0.296,2.776
0.57,3.142
0.987,3.287
1.426,3.266
1.942,3.264
2.471,3.244
3.004,3.132
3.457,3.089
3.534,3.05
3.143,3.052
2.614,3.058
1.821,3.116
1.045,3.153
0.493,3.125
0.233,2.995
0,2.801
0,2.645
0,2.382
0,2.21
0,2.094
0,2.041
0,2
0,2.055
0.184,2.33
0.363,2.817
0.964,3.134
1.96,3.237
2.928,3.187
3.749,3.174
4.386,3.141
4.861,3.054
5.13,3.02
5.058,2.973
4.574,2.972
3.857,3.006
2.857,3.088
1.632,3.161
0.686,3.135
0.256,3.013
0,2.833
0,2.665
0,2.41
0,2.065
0,1.926
0,1.881
0,1.815
0,1.784
0.188,1.794
0.408,1.853
1.157,1.945
2.296,2.039
3.493,2.093
4.605,2.122
5.211,2.139
5.336,2.037
5.471,1.956
5.126,1.926
4.466,1.959
3.574,2.049
2.623,2.216
1.534,2.335
0.655,2.386
0.26,2.388
0,2.332
0,2.299
0,2.093
0,2.055
0,1.923
0,1.874
0,1.84
0,1.88
0.188,2.127
0.444,2.57
1.291,2.861
2.61,2.989
3.937,2.973
5.027,2.901
5.596,2.843
5.865,2.704
5.883,2.619
5.691,2.615
5.049,2.661
4.076,2.723
2.942,2.817
1.655,2.869
0.709,2.849
0.26,2.744
0,2.583
0,2.444
0,2.216
0,2.058
0,1.918
0,1.859
0,1.785
0,1.783
0.188,1.841
0.408,1.975
1.175,2.12
2.318,2.247
3.395,2.301
4.265,2.269
4.767,2.238
5.157,2.113
5.215,2.039
5.031,2.018
4.466,2.031
3.668,2.08
2.511,2.203
1.341,2.292
0.561,2.334
0.251,2.341
0,2.263
0,2.205
0,2.008
0,1.912
0,1.772
0,1.736
0,1.667
0,1.65
0.193,1.666
0.372,1.743
0.946,1.856
1.821,1.994
2.789,2.096
3.762,2.153
4.471,2.196
5.139,2.11
5.502,2.016
5.318,1.958
4.906,1.947
4.161,2.021
3.121,2.141
1.816,2.256
0.771,2.334
0.274,2.34
0,2.289
0,2.258
0,2.076
0,2.044
0,1.929
0,1.895
0,1.852
0,1.919
0.193,2.202
0.435,2.735
1.17,3.081
2.323,3.257
3.529,3.278
4.655,3.268
5.404,3.267
5.798,3.165
5.906,3.128
5.695,3.077
5.139,3.067
4.3,3.097
3.161,3.118
1.807,3.138
0.776,3.111
0.283,3.001
0,2.831
0,2.655
0,2.384
0,2.188
0,2.071
0,2.019
0,1.986
0,2.045
0.193,2.303
0.471,2.762
1.309,3.049
2.592,3.129
3.901,3.054
4.96,2.988
5.583,2.936
5.888,2.788
5.951,2.741
5.762,2.731
5.229,2.765
4.386,2.833
3.215,2.935
1.83,3.053
0.78,3.068
0.287,2.98
0,2.8
0,2.641
0,2.38
0,2.209
0,2.079
0,2.028
0,1.976
0,2.033
0.197,2.298
0.422,2.763
1.099,3.04
2.135,3.126
3.175,3.057
4.108,3.001
4.65,2.948
4.91,2.807
5.126,2.768
5.018,2.752
4.534,2.772
3.865,2.847
2.861,2.933
1.646,2.992
0.726,3.004
0.278,2.92
0,2.761
0,2.609
0,2.354
0,2.158
0,2.05
0,2.005
0,1.965
0,2.03
0.202,2.288
0.457,2.739
1.265,3.026
2.547,3.068
3.848,2.967
4.857,2.883
5.287,2.842
5.43,2.708
5.377,2.661
5.049,2.646
4.475,2.674
3.753,2.748
2.812,2.867
1.664,2.991
0.744,3.026
0.278,2.955
0,2.791
0,2.636
0,2.382
0,2.248
0,2.127
0,2.073
0,2.025
0,2.083
0.197,2.329
0.466,2.785
1.327,3.07
2.641,3.159
3.982,3.11
4.991,3.039
5.399,3.004
5.628,2.866
5.628,2.772
5.395,2.727
4.839,2.732
4.063,2.78
2.946,2.888
1.664,2.974
0.722,2.976
0.278,2.879
0,2.72
0,2.584
0,2.337
0,2.124
0,1.983
0,1.914
0,1.839
0,1.832
0.197,1.889
0.489,2.021
1.462,2.15
2.892,2.263
4.466,2.298
5.762,2.262
6.332,2.24
6.538,2.143
6.583,2.058
6.399,2.027
5.879,2.035
5.081,2.095
3.857,2.211
2.278,2.312
0.987,2.346
0.318,2.353
0,2.297
0,2.243
0,2.057
0,1.894
0,1.759
0,1.704
0,1.629
0,1.61
0.193,1.624
0.507,1.685
1.552,1.794
3.139,1.898
5.013,1.954
6.65,1.973
7.619,1.997
8.009,1.912
7.969,1.824
7.605,1.791
6.892,1.793
5.807,1.904
4.247,2.049
2.448,2.209
1.04,2.297
0.323,2.323
0.004,2.284
0,2.271
0,2.081
0,2.1
0,1.981
0,1.936
0,1.898
0,1.966
0.188,2.246
0.466,2.762
1.305,3.098
2.565,3.212
3.865,3.151
4.991,3.091
5.744,3.06
6.072,2.963
5.978,2.953
5.574,2.945
4.883,2.937
4.085,2.962
2.964,3.029
1.691,3.097
0.758,3.073
0.291,2.986
0.004,2.835
0,2.686
0,2.422
0,2.305
0,2.185
0,2.13
0,2.074
0,2.132
0.193,2.373
0.466,2.849
1.327,3.155
2.623,3.247
3.924,3.184
5.049,3.135
5.794,3.109
6.175,3.001
6.233,2.958
5.964,2.93
5.305,2.921
4.395,2.972
3.148,3.048
1.749,3.115
0.744,3.115
0.287,3.03
0.004,2.889
0,2.739
0,2.468
0,2.23
0,2.103
0,2.043
0,1.998
0,2.051
0.188,2.314
0.43,2.785
1.188,3.102
2.408,3.199
3.744,3.153
4.897,3.112
5.717,3.105
6.135,3.002
6.193,2.959
5.816,2.943
4.928,2.961
3.803,3.014
2.578,3.109
1.35,3.167
0.556,3.153
0.256,3.039
0.004,2.863
0,2.7
0,2.438
0,2.249
0,2.119
0,2.07
0,2.018
0,2.071
0.193,2.319
0.448,2.803
1.296,3.122
2.61,3.214
3.928,3.169
5.058,3.114
5.821,3.066
6.197,2.955
6.287,2.938
6.049,2.948
5.327,2.975
4.251,3.03
2.857,3.107
1.498,3.17
0.605,3.134
0.265,3.012
0.004,2.859
0,2.708
0,2.435
0,2.203
0,2.077
0,2.025
0,1.972
0,2.022
0.193,2.264
0.435,2.753
1.175,3.085
2.202,3.2
3.161,3.163
3.928,3.096
4.305,3.074
4.363,2.974
4.269,2.947
4.045,2.931
3.48,2.946
2.659,2.977
1.933,3.042
1.17,3.09
0.556,3.045
0.274,2.89
0.004,2.72
0,2.588
0,2.33
0,2.107
0,1.973
0,1.901
0,1.829
0,1.845
0.188,1.918
0.363,2.076
1.031,2.223
2.188,2.372
3.641,2.45
5.26,2.457
6.538,2.454
7.148,2.322
6.861,2.232
6.305,2.205
5.744,2.225
4.659,2.259
3.422,2.376
1.978,2.411
0.906,2.411
0.287,2.382
0.004,2.306
0,2.248
0,2.051
0,1.902
0,1.768
0,1.727
0,1.656
0,1.642
0.193,1.65
0.48,1.703
1.489,1.762
3.036,1.831
4.87,1.865
6.417,1.877
7.363,1.901
7.937,1.827
8.081,1.783
7.758,1.733
6.964,1.762
5.83,1.858
4.291,2.043
2.48,2.225
1.054,2.344
0.341,2.365
0.004,2.325
0,2.309
0,2.113
0,2.101
0,1.984
0,1.939
0,1.903
0,1.979
0.184,2.268
0.466,2.778
1.309,3.091
2.632,3.217
3.96,3.18
5.072,3.114
5.713,3.08
5.969,2.975
5.955,2.931
5.7,2.887
5.152,2.917
4.439,2.97
3.318,3.049
1.919,3.125
0.839,3.138
0.305,3.041
0.004,2.87
0,2.704
0,2.437
0,2.272
0,2.148
0,2.087
0,2.043
0,2.097
0.184,2.356
0.399,2.875
1.072,3.205
2.063,3.327
2.973,3.286
3.726,3.224
4.314,3.193
4.641,3.071
4.722,3.031
4.457,3.02
3.879,3.035
3.193,3.086
2.453,3.131
1.457,3.199
0.664,3.175
0.287,3.079
0.004,2.914
0,2.759
0,2.497
0,2.294
0,2.159
0,2.105
0,2.059
0,2.122
0.188,2.383
0.354,2.874
1.022,3.229
2.238,3.377
3.48,3.38
4.408,3.345
4.852,3.313
5.031,3.18
5.045,3.145
4.915,3.095
4.561,3.084
3.987,3.109
3.045,3.16
1.83,3.199
0.821,3.183
0.314,3.073
0.004,2.915
0,2.762
0,2.499
0,2.294
0,2.156
0,2.098
0,2.067
0,2.119
0.188,2.375
0.457,2.858
1.3,3.152
2.646,3.223
4.004,3.131
5.157,3.06
5.879,3.021
6.224,2.91
6.3,2.911
6.094,2.905
5.529,2.93
4.7,2.983
3.475,3.084
2.009,3.193
0.861,3.199
0.305,3.101
0.004,2.95
0,2.794
0,2.523
0,2.338
0,2.211
0,2.158
0,2.112
0,2.179
0.184,2.433
0.426,2.87
1.179,3.146
2.314,3.253
3.345,3.238
4.166,3.215
4.691,3.232
4.816,3.16
4.7,3.116
4.399,3.093
3.776,3.079
3.018,3.075
2.179,3.108
1.22,3.117
0.543,3.046
0.26,2.915
0.004,2.738
0,2.611
0,2.385
0,2.158
0,2.009
0,1.944
0,1.862
0,1.863
0.188,1.939
0.332,2.111
0.735,2.299
1.462,2.578
2.296,2.788
3.031,2.923
3.691,2.986
4.157,2.833
4.471,2.676
4.682,2.528
4.632,2.448
4.238,2.384
3.336,2.359
1.96,2.306
0.839,2.305
0.296,2.305
0.004,2.254
0,2.226
0,2.034
0,1.923
0,1.809
0,1.756
0,1.681
0,1.659
0.179,1.676
0.35,1.776
0.888,1.929
1.861,2.141
3.072,2.246
4.161,2.321
4.682,2.524
4.901,2.483
5.188,2.31
5.417,2.137
5.336,2.062
4.762,2.033
3.668,2.113
2.179,2.198
0.946,2.299
0.314,2.33
0.004,2.329
0,2.338
0,2.155
0,2.036
0,1.915
0,1.888
0,1.861
0,1.946
0.175,2.219
0.422,2.751
1.117,3.111
2.188,3.339
3.188,3.482
3.978,3.536
4.43,3.547
4.507,3.475
4.628,3.433
4.61,3.368
4.291,3.338
3.839,3.244
2.951,3.183
1.659,3.145
0.659,3.075
0.269,3.006
0.004,2.899
0,2.738
0,2.45
0,2.313
0,2.172
0,2.102
0,2.055
0,2.083
0.179,2.307
0.359,2.792
0.937,3.152
1.964,3.315
3.085,3.307
4.139,3.285
4.767,3.323
5.17,3.232
5.265,3.172
4.982,3.117
4.43,3.133
3.731,3.097
2.74,3.112
1.57,3.158
0.682,3.147
0.283,3.034
0.004,2.9
0,2.755
0,2.497
0,2.324
0,2.17
0,2.123
0,2.086
0,2.147
0.17,2.39
0.413,2.843
1.157,3.125
2.341,3.257
3.498,3.306
4.43,3.287
5.04,3.347
5.278,3.247
5.224,3.256
4.906,3.343
4.318,3.459
3.408,3.45
2.377,3.357
1.368,3.335
0.682,3.191
0.26,3.013
0,2.853
0,2.699
0,2.456
0,2.303
0,2.142
0,2.105
0,2.052
0,2.099
0.17,2.367
0.327,2.855
0.753,3.218
1.417,3.348
2.143,3.288
2.879,3.248
3.493,3.27
3.91,3.177
4.278,3.144
4.48,3.073
4.39,3.063
4.054,3.089
3.135,3.078
1.852,3.07
0.812,3.05
0.309,2.955
0,2.84
0,2.698
0,2.453
0,2.252
0,2.083
0,2.037
0,1.975
0,2.025
0.161,2.248
0.417,2.714
1.22,3.027
2.525,3.153
3.87,3.121
4.969,3.078
5.574,3.099
5.713,2.944
5.709,2.825
5.552,2.701
5.197,2.624
4.57,2.614
3.534,2.673
2.094,2.751
0.91,2.824
0.309,2.734
0,2.632
0,2.503
0,2.266
0,2.101
0,1.96
0,1.892
0,1.811
0,1.797
0.161,1.825
0.417,1.962
1.318,2.125
2.762,2.287
4.426,2.414
5.96,2.416
6.942,2.45
7.43,2.375
7.475,2.309
7.072,2.239
6.188,2.246
5.09,2.251
3.807,2.31
2.269,2.322
0.987,2.373
0.305,2.36
0,2.323
0,2.281
0,2.068
0,1.952
0,1.804
0,1.751
0,1.685
0,1.668
0.157,1.66
0.422,1.73
1.368,1.838
2.888,1.99
4.682,2.092
6.3,2.147
7.332,2.165
7.767,2.085
7.758,1.998
7.422,1.937
6.686,1.943
5.682,1.979
4.229,2.078
2.444,2.233
1.022,2.367
0.3,2.426
0,2.423
0,2.395
0,2.158
0,2.033
0,1.908
0,1.888
0,1.849
0,1.918
0.152,2.181
0.413,2.667
1.188,3.052
2.475,3.239
3.812,3.244
4.919,3.279
5.619,3.317
5.933,3.289
5.888,3.333
5.543,3.238
4.798,3.224
3.686,3.341
2.363,3.213
1.175,3.137
0.565,3.11
0.265,2.972
0,2.873
0,2.759
0,2.462
0,2.28
0,2.127
0,2.086
0,2.041
0,2.099
0.152,2.349
0.399,2.836
1.17,3.175
2.444,3.298
3.762,3.291
4.906,3.265
5.659,3.268
6.018,3.123
6.103,3.078
5.857,3.045
5.233,3.062
4.368,3.08
3.179,3.205
1.785,3.241
0.74,3.199
0.274,3.085
0,2.966
0,2.78
0,2.505
0,2.377
0,2.168
0,2.088
0,2.062
0,2.135
0.148,2.353
0.35,2.834
0.964,3.17
2.099,3.402
3.399,3.457
4.605,3.496
5.35,3.56
5.682,3.495
5.466,3.427
4.422,3.309
3.22,3.254
2.049,3.224
1.332,3.309
0.901,3.326
0.466,3.242
0.238,3.058
0,2.839
0,2.667
0,2.44
0,2.282
0,2.146
0,2.078
0,2.039
0,2.107
0.148,2.411
0.309,2.889
0.848,3.207
1.91,3.41
2.955,3.416
3.807,3.408
4.202,3.468
4.013,3.387
3.561,3.42
2.821,3.356
2.457,3.323
2.287,3.253
1.843,3.245
1.175,3.206
0.614,3.048
0.265,2.88
0,2.773
0,2.639
0,2.386
0,2.249
0,2.094
0,2.043
0,1.982
0,2.041
0.139,2.279
0.395,2.695
1.179,2.971
2.507,3.127
3.915,3.103
5.135,3.092
5.955,3.063
5.942,2.901
5.587,2.787
5.413,2.733
5.054,2.756
4.305,2.826
3.26,2.956
1.852,2.957
0.83,2.921
0.242,2.829
0,2.684
0,2.552
0,2.313
0,2.168
0,2.002
0,1.939
0,1.857
0,1.851
0.152,1.903
0.453,2.034
1.462,2.166
3.139,2.317
5.072,2.439
6.816,2.449
7.982,2.452
8.632,2.36
8.812,2.276
8.529,2.227
7.686,2.252
6.435,2.275
4.713,2.396
2.641,2.436
1.058,2.484
0.305,2.474
0,2.429
0,2.369
0,2.153
0,2.037
0,1.884
0,1.837
0,1.773
0,1.76
0.152,1.78
0.426,1.857
1.314,2.004
2.803,2.188
4.354,2.307
5.731,2.271
6.964,2.227
8.013,2.115
8.583,2.049
8.341,2.02
7.345,2.026
5.816,2.084
3.883,2.251
1.996,2.42
0.749,2.555
0.283,2.595
0,2.57
0,2.534
0,2.291
0,2.129
0,1.999
0,1.968
0,1.919
0,1.993
0.135,2.26
0.408,2.761
1.139,3.159
2.368,3.407
3.637,3.573
4.767,3.691
5.552,3.655
5.91,3.382
5.955,3.311
5.61,3.194
4.933,3.099
4.063,3.016
3,3.086
1.735,3.205
0.717,3.183
0.269,3.068
0,2.963
0,2.788
0,2.509
0,2.348
0,2.201
0,2.161
0,2.092
0,2.141
0.148,2.382
0.381,2.831
1.031,3.144
2.283,3.269
3.596,3.255
4.843,3.223
5.758,3.206
6.309,3.114
6.529,3.122
6.43,3.138
5.843,3.29
4.704,3.43
3.135,3.541
1.601,3.335
0.646,3.148
0.256,2.988
0,2.904
0,2.734
0,2.477
0,2.327
0,2.175
0,2.132
0,2.091
0,2.14
0.148,2.373
0.354,2.877
0.955,3.229
2.251,3.474
3.816,3.583
5.027,3.699
5.96,3.583
6.417,3.286
6.318,3.326
5.682,3.328
4.789,3.309
4.009,3.275
3.13,3.213
1.807,3.198
0.798,3.168
0.283,3.018
0,2.919
0,2.747
0,2.492
0,2.32
0,2.183
0,2.115
0,2.07
0,2.111
0.135,2.375
0.404,2.827
1.193,3.198
2.565,3.437
3.964,3.439
5.054,3.37
5.758,3.345
6.22,3.215
6.448,3.158
6.278,3.137
5.848,3.133
4.785,3.081
3.466,3.115
1.91,3.13
0.857,3.1
0.251,2.976
0,2.86
0,2.705
0,2.441
0,2.288
0,2.131
0,2.075
0,2.023
0,2.042
0.135,2.293
0.332,2.75
0.7,3.096
1.448,3.351
2.453,3.465
3.574,3.43
4.287,3.342
4.426,3.276
4.121,3.32
3.413,3.211
2.628,3.023
2.233,2.916
1.933,2.911
1.368,2.845
0.686,2.788
0.247,2.685
0,2.564
0,2.453
0,2.218
0,2.102
0,1.946
0,1.901
0,1.837
0,1.836
0.13,1.904
0.408,2.022
1.323,2.154
2.915,2.331
4.753,2.48
6.17,2.495
6.717,2.535
6.61,2.419
5.942,2.407
5.17,2.429
4.363,2.457
3.498,2.476
2.57,2.454
1.466,2.399
0.713,2.355
0.229,2.338
0,2.307
0,2.239
0,2.038
0,1.926
0,1.796
0,1.751
0,1.689
0,1.67
0.121,1.713
0.413,1.773
1.363,1.868
3.081,1.985
5.184,2.071
7.121,2.095
8.363,2.108
9,2.01
8.991,1.948
8.493,1.909
7.453,1.943
6.063,2.018
4.372,2.152
2.386,2.309
0.919,2.374
0.247,2.369
0,2.344
0,2.321
0,2.138
0,2.041
0,1.91
0,1.863
0,1.828
0,1.918
0.112,2.177
0.395,2.606
1.157,2.948
2.565,3.144
4.054,3.181
5.327,3.202
6.121,3.306
6.103,3.218
5.274,3.293
4.484,3.244
3.879,3.241
2.848,3.391
2.004,3.377
1.135,3.206
0.574,3.087
0.206,2.945
0,2.758
0,2.575
0,2.321
0,2.196
0,2.064
0,2.032
0,1.99
0,2.022
0.117,2.256
0.35,2.724
0.709,3.146
1.099,3.512
1.466,3.674
1.937,3.686
2.942,3.65
3.574,3.57
3.897,3.369
4.395,3.179
4.7,2.955
4.359,2.9
3.179,2.98
1.677,2.988
0.646,2.937
0.211,2.838
0,2.653
0,2.496
0,2.274
0,2.154
0,2.005
0,1.978
0,1.929
0,1.985
0.108,2.238
0.296,2.691
0.565,3.063
1.247,3.326
2.121,3.339
3.103,3.303
3.928,3.336
4.659,3.198
5.188,3.131
5.287,3.001
4.771,2.956
3.969,2.959
2.91,2.952
1.659,2.888
0.704,2.849
0.211,2.76
0,2.638
0,2.473
0,2.242
0,2.112
0,1.967
0,1.948
0,1.896
0,1.951
0.099,2.185
0.372,2.587
1.112,2.834
2.534,2.941
4.067,2.962
5.377,2.92
6.224,2.954
6.803,2.813
6.987,2.859
6.659,2.826
5.888,2.848
4.839,2.847
3.525,2.92
1.955,2.938
0.776,2.862
0.211,2.758
0,2.625
0,2.475
0,2.248
0,2.093
0,1.939
0,1.886
0,1.846
0,1.889
0.09,2.146
0.372,2.517
1.117,2.802
2.543,2.948
4.085,2.97
5.426,2.948
6.274,2.912
6.601,2.827
6.511,2.807
6.045,2.855
5.193,2.874
4.143,2.823
2.915,2.832
1.547,2.846
0.628,2.751
0.197,2.68
0,2.528
0,2.38
0,2.154
0,2.017
0,1.872
0,1.818
0,1.74
0,1.734
0.085,1.818
0.35,1.961
1.143,2.105
2.641,2.277
4.493,2.336
6.26,2.342
7.143,2.425
7.377,2.439
7.345,2.31
7.22,2.301
6.587,2.439
5.377,2.405
3.471,2.401
1.605,2.408
0.57,2.382
0.184,2.333
0,2.24
0,2.167
0,1.977
0,1.867
0,1.731
0,1.688
0,1.624
0,1.618
0.081,1.671
0.309,1.773
0.601,1.937
1.067,2.137
1.673,2.272
2.386,2.32
3.489,2.268
4.749,2.199
5.691,2.074
6.094,1.963
5.812,2.005
4.861,2.085
3.574,2.171
1.969,2.214
0.735,2.235
0.188,2.268
0,2.197
0,2.156
0,1.985
0,1.904
0,1.768
0,1.726
0,1.687
0,1.744
0.076,2.017
0.345,2.417
1.013,2.703
2.386,2.844
3.91,2.858
5.233,2.861
6.04,2.859
6.444,2.726
6.48,2.695
6.094,2.631
5.475,2.623
4.57,2.649
3.336,2.702
1.848,2.78
0.717,2.798
0.175,2.716
0,2.592
0,2.437
0,2.189
0,2.056
0,1.93
0,1.881
0,1.836
0,1.881
0.076,2.143
0.327,2.546
0.812,2.874
1.605,3.126
2.332,3.299
2.852,3.456
2.883,3.579
3.045,3.562
3.027,3.513
2.525,3.447
2.126,3.365
1.771,3.283
1.426,3.177
0.843,3.039
0.439,2.917
0.161,2.768
0,2.603
0,2.417
0,2.176
0,2.041
0,1.908
0,1.88
0,1.834
0,1.883
0.067,2.1
0.359,2.499
1.04,2.774
2.395,2.941
3.924,3.028
5.3,3.092
5.991,3.138
6.296,2.975
6.291,2.906
5.982,2.84
5.538,2.741
4.821,2.664
3.587,2.706
1.937,2.763
0.735,2.802
0.17,2.748
0,2.624
0,2.467
0,2.241
0,2.09
0,1.942
0,1.902
0,1.845
0,1.896
0.067,2.134
0.309,2.56
0.614,2.899
1.152,3.202
1.682,3.385
2.072,3.49
2.552,3.499
3.103,3.372
3.291,3.331
2.951,3.234
2.583,3.17
2.193,3.142
1.493,3.125
0.794,3.053
0.399,2.949
0.139,2.792
0,2.555
0,2.416
0,2.185
0,2.064
0,1.91
0,1.867
0,1.831
0,1.866
0.063,2.115
0.296,2.531
0.547,2.868
1.215,3.063
2.027,3.123
2.762,3.148
3.22,3.248
3.498,3.215
4.009,3.13
4.202,3.098
3.919,2.988
3.215,2.916
2.009,2.928
0.883,2.875
0.399,2.755
0.13,2.615
0,2.421
0,2.285
0,2.075
0,1.958
0,1.845
0,1.787
0,1.732
0,1.741
0.049,1.828
0.278,1.996
0.377,2.196
0.552,2.476
0.655,2.702
0.816,2.852
0.915,2.997
0.964,2.931
1.004,2.821
1.036,2.724
1.031,2.646
0.978,2.602
0.87,2.606
0.605,2.536
0.372,2.437
0.126,2.373
0,2.234
0,2.163
0,1.98
0,1.861
0,1.734
0,1.709
0,1.665
0,1.657
0.045,1.707
0.269,1.799
0.39,1.94
0.74,2.147
1.332,2.318
2.197,2.438
3.108,2.553
4.054,2.402
4.74,2.238
4.865,2.119
4.368,2.039
3.439,2.037
2.094,2.14
0.969,2.209
0.39,2.284
0.117,2.312
0,2.226
0,2.202
0,2.038
0,1.958
0,1.842
0,1.808
0,1.769
0,1.836
0.036,2.103
0.265,2.513
0.516,2.859
1.049,3.121
1.686,3.233
2.363,3.307
2.825,3.361
3.143,3.26
3.327,3.156
3.413,3.006
3.269,2.87
2.933,2.829
2.278,2.813
1.247,2.86
0.48,2.821
0.094,2.75
0,2.578
0,2.425
0,2.202
0,2.068
0,1.93
0,1.881
0,1.834
0,1.884
0.031,2.164
0.305,2.573
0.816,2.874
1.969,2.977
3.291,2.927
4.448,2.887
5.247,2.851
5.691,2.735
5.843,2.692
5.682,2.624
5.117,2.601
4.251,2.593
2.996,2.695
1.561,2.752
0.578,2.797
0.103,2.743
0,2.592
0,2.433
0,2.196
0,2.037
0,1.91
0,1.86
0,1.807
0,1.854
0.022,2.111
0.283,2.59
0.668,2.932
1.516,3.149
2.614,3.277
3.74,3.443
4.39,3.546
4.637,3.457
4.668,3.42
4.578,3.237
4.126,3.035
3.426,2.988
2.323,3.076
1.085,3.064
0.422,2.974
0.09,2.839
0,2.618
0,2.475
0,2.229
0,2.077
0,1.952
0,1.898
0,1.856
0,1.89
0.013,2.125
0.287,2.591
0.704,2.914
1.709,3.052
3.018,3.038
4.233,3.064
4.946,3.047
5.43,2.89
5.583,2.818
5.413,2.715
4.861,2.684
4.018,2.693
2.843,2.729
1.502,2.814
0.565,2.861
0.09,2.807
0,2.64
0,2.501
0,2.24
0,2.134
0,1.991
0,1.929
0,1.874
0,1.908
0.013,2.158
0.305,2.569
0.897,2.791
2.251,2.912
3.906,2.933
5.368,2.876
6.341,2.789
6.946,2.663
7.099,2.543
6.83,2.44
6.103,2.41
5.004,2.466
3.498,2.585
1.794,2.722
0.623,2.764
0.085,2.705
0,2.525
0,2.384
0,2.166
0,2.037
0,1.887
0,1.835
0,1.768
0,1.768
0.009,1.854
0.314,2.006
1.027,2.134
2.605,2.285
4.61,2.358
6.413,2.342
7.655,2.297
8.48,2.208
8.709,2.181
8.399,2.108
7.471,2.149
6.022,2.178
4.054,2.315
2.031,2.411
0.664,2.477
0.072,2.473
0,2.377
0,2.289
0,2.107
0,1.991
0,1.841
0,1.799
0,1.719
0,1.694
0.004,1.748
0.3,1.83
0.969,1.956
2.511,2.11
4.552,2.141
6.439,2.127
7.713,2.101
8.471,2.004
8.453,1.951
7.897,1.919
6.874,1.943
5.457,2.026
3.561,2.147
1.664,2.34
0.538,2.465
0.058,2.471
0,2.344
0,2.262
0,2.064
0,1.963
0,1.854
0,1.839
0,1.786
0,1.825
0.004,2.02
0.278,2.375
0.865,2.644
2.233,2.823
3.978,2.824
5.592,2.777
6.7,2.779
7.489,2.688
7.65,2.601
7.099,2.547
6.04,2.539
4.668,2.606
3.04,2.704
1.484,2.823
0.502,2.841
0.045,2.756
0,2.59
0,2.463
0,2.205
0,2.069
0,1.941
0,1.887
0,1.804
0,1.797
0,1.871
0.3,1.945
0.982,2.062
2.561,2.197
4.619,2.255
6.462,2.257
7.722,2.238
8.547,2.149
8.65,2.113
8.058,2.1
6.897,2.115
5.314,2.196
3.413,2.406
1.664,2.596
0.543,2.645
0.036,2.627
0,2.467
0,2.389
0,2.205
0,2.064
0,1.935
0,1.893
0,1.846
0,1.895
0,2.193
0.256,2.687
0.713,3.057
1.785,3.282
3.166,3.302
4.43,3.278
5.336,3.229
5.973,3.119
6.054,3.061
5.664,3.063
4.883,3.176
3.839,3.289
2.516,3.267
1.291,3.235
0.484,3.169
0.027,3.067
0,2.833
0,2.655
0,2.387
0,2.228
0,2.085
0,2.026
0,1.974
0,2.029
0,2.297
0.256,2.79
0.726,3.134
1.857,3.287
3.354,3.297
4.74,3.262
5.601,3.225
6.121,3.054
6.211,3.001
5.883,2.997
5.197,3.025
4.215,3.07
2.888,3.206
1.462,3.268
0.493,3.233
0.022,3.137
0,2.907
0,2.692
0,2.452
0,2.275
0,2.114
0,2.05
0,2.002
0,2.056
0,2.335
0.251,2.794
0.744,3.119
1.973,3.291
3.57,3.262
4.955,3.209
5.713,3.156
5.987,3.006
5.803,2.915
5.274,2.859
4.578,2.886
3.749,2.953
2.614,3.086
1.377,3.155
0.48,3.065
0.013,2.973
0,2.768
0,2.569
0,2.326
0,2.186
0,2.036
0,1.953
0,1.86
0,1.865
0,1.964
0.26,2.13
0.852,2.28
2.314,2.438
4.274,2.514
6.058,2.507
7.148,2.527
7.789,2.401
7.848,2.315
7.574,2.248
6.798,2.275
5.507,2.324
3.664,2.471
1.785,2.569
0.547,2.639
0.009,2.643
0,2.5
0,2.403
0,2.14
0,1.998
0,1.857
0,1.811
0,1.739
0,1.716
0,1.768
0.256,1.849
0.883,1.956
2.404,2.076
4.444,2.172
6.296,2.203
7.538,2.228
8.305,2.156
8.377,2.082
8,1.998
7.067,2.036
5.605,2.12
3.646,2.273
1.7,2.459
0.502,2.607
0.004,2.643
0,2.513
0,2.458
0,2.228
0,2.119
0,1.988
0,1.949
0,1.919
0,1.985
0,2.311
0.224,2.895
0.753,3.272
1.978,3.462
3.587,3.419
5.076,3.387
6.063,3.358
6.664,3.241
6.65,3.21
6.193,3.153
5.404,3.168
4.305,3.266
2.865,3.414
1.399,3.509
0.448,3.472
0.004,3.351
0,3.09
0,2.876
0,2.626
0,2.46
0,2.265
0,2.191
0,2.14
0,2.179
0,2.475
0.211,3.036
0.726,3.367
1.924,3.496
3.525,3.463
4.987,3.45
5.978,3.426
6.632,3.29
6.704,3.263
6.283,3.235
5.484,3.277
4.332,3.314
2.883,3.467
1.386,3.524
0.417,3.485
0.004,3.388
0,3.141
0,2.926
0,2.644
0,2.473
0,2.308
0,2.264
0,2.206
0,2.24
0,2.552
0.206,3.096
0.695,3.485
1.861,3.783
3.471,3.867
5.022,3.769
6.031,3.604
6.52,3.393
6.215,3.424
5.309,3.468
4.206,3.476
3.274,3.417
2.148,3.476
1.094,3.537
0.359,3.51
0.004,3.407
0,3.169
0,2.941
0,2.649
0,2.45
0,2.278
0,2.219
0,2.142
0,2.199
0,2.511
0.206,2.996
0.74,3.361
2.004,3.53
3.704,3.505
5.269,3.487
6.314,3.447
7.049,3.267
7.265,3.244
6.946,3.202
6.148,3.225
4.852,3.301
3.108,3.43
1.453,3.533
0.395,3.513
0,3.381
0,3.078
0,2.88
0,2.627
0,2.444
0,2.284
0,2.219
0,2.157
0,2.194
0,2.477
0.197,2.987
0.717,3.336
1.969,3.505
3.57,3.484
5.175,3.514
6.278,3.411
7.04,3.238
7.291,3.14
6.874,3.088
5.794,3.131
4.152,3.197
2.336,3.411
0.96,3.453
0.3,3.332
0,3.198
0,2.862
0,2.664
0,2.434
0,2.321
0,2.167
0,2.107
0,2.021
0,2.007
0,2.087
0.206,2.236
0.749,2.421
2.067,2.641
3.973,2.814
5.691,2.906
6.888,2.828
7.812,2.552
8.121,2.417
7.682,2.354
6.605,2.379
4.592,2.477
2.39,2.743
0.96,2.807
0.287,2.711
0,2.64
0,2.442
0,2.355
0,2.177
0,2.014
0,1.877
0,1.822
0,1.766
0,1.754
0,1.803
0.202,1.881
0.717,2.02
2.058,2.177
4.045,2.32
5.942,2.441
7.143,2.569
7.883,2.485
7.695,2.41
6.839,2.286
5.659,2.248
4.386,2.361
2.834,2.483
1.274,2.571
0.305,2.597
0,2.584
0,2.422
0,2.393
0,2.211
0,2.141
0,2.029
0,2.005
0,1.975
0,2.05
0,2.339
0.175,2.9
0.466,3.318
1.094,3.604
1.991,3.692
2.874,3.726
3.628,3.81
4.211,3.665
4.507,3.681
4.318,3.672
3.565,3.671
2.534,3.607
1.48,3.559
0.605,3.476
0.215,3.341
0,3.141
0,2.878
0,2.675
0,2.439
0,2.316
0,2.179
0,2.122
0,2.07
0,2.121
0,2.425
0.166,2.964
0.323,3.371
0.619,3.592
1.143,3.689
1.722,3.797
2.197,3.879
2.583,3.732
2.722,3.65
2.561,3.518
2.103,3.495
1.574,3.441
0.973,3.415
0.489,3.395
0.215,3.297
0,3.131
0,2.855
0,2.684
0,2.429
0,2.315
0,2.164
0,2.1
0,2.059
0,2.121
0,2.416
0.152,2.917
0.318,3.304
0.628,3.511
1.229,3.567
1.987,3.594
2.7,3.554
3.215,3.397
3.48,3.346
3.516,3.326
3.238,3.299
2.776,3.249
1.897,3.275
0.874,3.272
0.229,3.228
0,3.127
0,2.816
0,2.621
0,2.351
0,2.257
0,2.142
0,2.081
0,2.049
0,2.092
0,2.396
0.157,2.963
0.578,3.311
1.574,3.428
3,3.364
4.291,3.336
5.143,3.405
5.637,3.234
5.807,3.099
5.565,2.991
4.933,2.989
3.78,2.999
2.323,3.147
1.018,3.22
0.233,3.214
0,3.11
0,2.805
0,2.636
0,2.377
0,2.267
0,2.131
0,2.09
0,2.043
0,2.082
0,2.374
0.148,2.883
0.511,3.292
1.372,3.485
2.731,3.51
4.197,3.436
5.511,3.271
6.417,2.978
6.605,2.805
6.211,2.748
5.336,2.727
4.045,2.792
2.439,2.955
1.027,3.048
0.215,3.04
0,2.951
0,2.68
0,2.516
0,2.282
0,2.147
0,2.009
0,1.944
0,1.877
0,1.864
0,1.973
0.143,2.156
0.646,2.303
1.919,2.448
3.928,2.533
5.901,2.496
7.26,2.485
8.018,2.342
8.013,2.285
7.489,2.276
6.404,2.271
4.771,2.357
2.798,2.456
1.126,2.525
0.215,2.567
0,2.563
0,2.352
0,2.262
0,2.073
0,1.947
0,1.819
0,1.786
0,1.723
0,1.694
0,1.739
0.139,1.839
0.543,1.985
1.48,2.177
2.821,2.335
4.242,2.439
5.314,2.501
5.996,2.32
6.193,2.217
5.996,2.163
5.224,2.123
3.848,2.186
2.224,2.315
0.888,2.436
0.188,2.535
0,2.497
0,2.315
0,2.262
0,2.088
0,2.003
0,1.937
0,1.907
0,1.883
0,1.975
0,2.294
0.126,2.918
0.561,3.295
1.655,3.367
3.323,3.276
4.888,3.202
5.946,3.153
6.744,3.01
7.009,2.912
6.682,2.861
5.816,2.852
4.426,2.913
2.664,3.072
1.099,3.238
0.184,3.258
0,3.112
0,2.801
0,2.592
0,2.353
0,2.255
0,2.13
0,2.074
0,2.036
0,2.076
0,2.378
0.121,2.948
0.605,3.243
1.776,3.298
3.529,3.234
5.166,3.173
6.287,3.098
7.058,2.936
7.265,2.875
6.892,2.831
6.004,2.865
4.561,2.936
2.749,3.093
1.117,3.24
0.175,3.318
0,3.189
0,2.828
0,2.64
0,2.408
0,2.279
0,2.155
0,2.122
0,2.081
0,2.108
0,2.404
0.117,2.995
0.601,3.291
1.78,3.333
3.547,3.222
5.188,3.188
6.278,3.122
7.036,3.002
7.224,2.949
6.839,2.931
5.946,2.949
4.489,3.038
2.677,3.23
1.072,3.391
0.148,3.4
0,3.241
0,2.898
0,2.67
0,2.428
0,2.305
0,2.181
0,2.135
0,2.076
0,2.123
0,2.448
0.112,3.021
0.596,3.34
1.753,3.416
3.507,3.352
5.117,3.249
6.206,3.173
6.933,3.016
7.108,2.982
6.713,2.946
5.816,3.018
4.35,3.115
2.561,3.251
1.009,3.421
0.135,3.402
0,3.26
0,2.922
0,2.729
0,2.488
0,2.335
0,2.196
0,2.131
0,2.066
0,2.131
0,2.404
0.112,2.941
0.587,3.269
1.753,3.387
3.547,3.313
5.197,3.257
6.336,3.157
7.108,2.961
7.287,2.858
6.879,2.783
5.937,2.809
4.413,2.893
2.583,3.093
0.996,3.192
0.126,3.18
0,3.025
0,2.699
0,2.514
0,2.276
0,2.159
0,2.022
0,1.952
0,1.885
0,1.868
0,1.979
0.112,2.188
0.619,2.348
1.915,2.484
3.991,2.519
5.933,2.466
7.256,2.448
8.143,2.338
8.291,2.242
7.857,2.191
6.762,2.22
4.942,2.301
2.821,2.476
1.027,2.578
0.121,2.585
0,2.513
0,2.322
0,2.249
0,2.055
0,1.937
0,1.815
0,1.773
0,1.703
0,1.675
0,1.743
0.108,1.869
0.605,1.987
1.942,2.126
4.09,2.186
6.103,2.196
7.471,2.187
8.354,2.06
8.466,1.972
7.973,1.934
6.803,1.996
4.928,2.063
2.753,2.295
0.973,2.512
0.108,2.612
0,2.545
0,2.344
0,2.287
0,2.102
0,2.017
0,1.908
0,1.891
0,1.854
0,1.923
0,2.269
0.094,2.952
0.534,3.311
1.605,3.381
3.274,3.313
4.821,3.257
5.888,3.21
6.61,3.061
6.762,3.032
6.341,3.003
5.39,3.053
3.915,3.177
2.193,3.349
0.803,3.442
0.09,3.431
0,3.224
0,2.882
0,2.674
0,2.405
0,2.285
0,2.164
0,2.092
0,2.038
0,2.099
0,2.413
0.09,3.084
0.507,3.378
1.547,3.441
3.193,3.344
4.722,3.308
5.794,3.235
6.502,3.102
6.574,3.121
5.937,3.138
4.816,3.265
3.336,3.372
1.825,3.468
0.655,3.504
0.076,3.501
0,3.288
0,2.937
0,2.713
0,2.464
0,2.324
0,2.196
0,2.136
0,2.102
0,2.16
0,2.489
0.076,3.074
0.453,3.407
1.35,3.511
2.803,3.415
4.224,3.424
5.336,3.489
6.085,3.381
6.117,3.386
5.386,3.431
4.121,3.591
2.632,3.711
1.233,3.754
0.439,3.661
0.058,3.489
0,3.178
0,2.837
0,2.677
0,2.42
0,2.326
0,2.181
0,2.13
0,2.106
0,2.158
0,2.471
0.067,3.124
0.314,3.551
0.717,3.761
1.578,3.824
2.516,3.816
3.296,3.759
3.96,3.497
4.386,3.396
4.197,3.292
3.578,3.322
2.668,3.358
1.547,3.401
0.583,3.436
0.058,3.429
0,3.199
0,2.825
0,2.646
0,2.399
0,2.288
0,2.164
0,2.09
0,2.064
0,2.111
0,2.406
0.067,2.966
0.381,3.285
1.126,3.361
2.408,3.325
3.735,3.264
4.798,3.189
5.578,3.026
5.888,2.909
5.583,2.858
4.668,2.864
3.287,2.913
1.744,3.077
0.61,3.194
0.04,3.197
0,2.999
0,2.666
0,2.516
0,2.285
0,2.147
0,2.002
0,1.935
0,1.875
0,1.864
0,1.976
0.063,2.184
0.489,2.333
1.556,2.442
3.453,2.491
5.332,2.456
6.673,2.469
7.493,2.404
7.516,2.367
6.982,2.31
5.874,2.287
4.152,2.321
2.202,2.474
0.709,2.585
0.031,2.669
0,2.533
0,2.318
0,2.234
0,2.05
0,1.943
0,1.82
0,1.778
0,1.71
0,1.689
0,1.749
0.063,1.86
0.498,1.971
1.655,2.084
3.673,2.154
5.623,2.17
7.013,2.155
7.87,2.068
7.91,2.006
7.323,1.969
6.099,2.01
4.287,2.091
2.26,2.306
0.704,2.511
0.022,2.655
0,2.558
0,2.326
0,2.257
0,2.103
0,2.017
0,1.932
0,1.891
0,1.873
0,1.952
0,2.308
0.054,2.983
0.439,3.305
1.372,3.386
2.955,3.391
4.448,3.374
5.453,3.395
6.027,3.354
6.054,3.336
5.448,3.395
4.251,3.452
2.834,3.47
1.39,3.522
0.439,3.498
0.013,3.474
0,3.194
0,2.87
0,2.677
0,2.426
0,2.342
0,2.212
0,2.185
0,2.155
0,2.197
0,2.438
0.049,3.034
0.309,3.46
0.744,3.643
1.596,3.646
2.655,3.635
3.717,3.564
4.74,3.294
5.247,3.265
5.004,3.164
4.215,3.082
2.973,3.08
1.552,3.204
0.516,3.321
0.009,3.352
0,3.125
0,2.767
0,2.597
0,2.354
0,2.271
0,2.138
0,2.084
0,2.048
0,2.116
0,2.424
0.04,3.049
0.404,3.381
1.247,3.418
2.731,3.294
4.17,3.186
5.202,3.123
5.901,2.985
6.049,3.002
5.592,3.027
4.538,3.08
3.135,3.145
1.614,3.242
0.493,3.367
0.004,3.389
0,3.18
0,2.869
0,2.691
0,2.46
0,2.345
0,2.184
0,2.121
0,2.086
0,2.143
0,2.483
0.045,3.131
0.363,3.447
1.108,3.571
2.493,3.478
3.843,3.337
4.785,3.276
5.291,3.091
5.561,3.077
5.296,3.034
4.265,3.083
2.955,3.186
1.543,3.328
0.475,3.469
0.004,3.489
0,3.204
0,2.888
0,2.702
0,2.465
0,2.35
0,2.186
0,2.142
0,2.094
0,2.148
0,2.418
0.036,2.99
0.354,3.332
1.018,3.518
2.121,3.466
2.969,3.442
3.323,3.5
3.484,3.406
3.341,3.437
2.816,3.479
2.018,3.45
1.318,3.403
0.659,3.413
0.274,3.371
0.004,3.289
0,3.003
0,2.703
0,2.544
0,2.328
0,2.205
0,2.041
0,1.983
0,1.916
0,1.925
0,2.015
0.036,2.223
0.296,2.44
0.596,2.696
1.206,2.898
1.848,3.014
2.193,3.071
2.363,2.947
2.395,2.78
2.233,2.676
2.036,2.578
1.444,2.582
0.785,2.661
0.314,2.681
0,2.718
0,2.569
0,2.315
0,2.25
0,2.069
0,1.989
0,1.865
0,1.827
0,1.769
0,1.76
0,1.813
0.031,1.927
0.327,2.064
0.969,2.221
2.327,2.35
3.713,2.486
4.749,2.601
5.274,2.501
5.242,2.433
4.906,2.336
3.906,2.266
2.489,2.288
1.202,2.372
0.359,2.54
0,2.658
0,2.533
0,2.305
0,2.28
0,2.132
0,2.073
0,1.951
0,1.946
0,1.944
0,2.002
0,2.347
0.013,2.992
0.287,3.4
0.74,3.55
1.731,3.561
3,3.519
4.018,3.456
4.794,3.241
5.35,3.096
5.332,2.945
4.525,2.931
3.108,3.013
1.543,3.186
0.39,3.348
0,3.409
0,3.125
0,2.804
0,2.62
0,2.376
0,2.283
0,2.125
0,2.073
0,2.028
0,2.083
0,2.456
0.009,3.129
0.318,3.485
0.964,3.522
2.233,3.382
3.691,3.282
4.978,3.183
5.848,2.999
6.054,2.951
5.596,2.913
4.547,2.945
3.09,3.038
1.511,3.269
0.372,3.426
0,3.453
0,3.162
0,2.84
0,2.658
0,2.42
0,2.28
0,2.151
0,2.07
0,2.031
0,2.101
0,2.424
0.004,3.081
0.332,3.453
1.036,3.501
2.399,3.4
3.942,3.293
5.215,3.191
6.027,3
6.22,2.961
5.717,2.913
4.632,2.974
3.121,3.069
1.511,3.277
0.345,3.435
0,3.469
0,3.156
0,2.855
0,2.671
0,2.459
0,2.305
0,2.188
0,2.152
0,2.106
0,2.171
0,2.484
0,3.103
0.354,3.45
1.157,3.499
2.659,3.377
4.166,3.262
5.327,3.159
6.031,3.026
6.161,2.98
5.637,2.979
4.543,3.017
3.04,3.129
1.453,3.316
0.318,3.449
0,3.452
0,3.161
0,2.857
0,2.666
0,2.426
0,2.316
0,2.163
0,2.123
0,2.063
0,2.136
0,2.435
0,3.046
0.341,3.397
1.143,3.461
2.668,3.321
4.224,3.164
5.43,3.045
6.161,2.886
6.291,2.793
5.744,2.739
4.601,2.76
3.054,2.903
1.426,3.135
0.3,3.246
0,3.261
0,2.993
0,2.677
0,2.538
0,2.322
0,2.181
0,2.042
0,2.002
0,1.929
0,1.922
0,2.012
0,2.22
0.287,2.49
0.807,2.684
1.969,2.778
3.305,2.781
4.547,2.784
5.453,2.631
5.641,2.479
5.121,2.411
4.063,2.427
2.628,2.483
1.215,2.63
0.265,2.7
0,2.699
0,2.492
0,2.274
0,2.202
0,2.007
0,1.911
0,1.787
0,1.755
0,1.701
0,1.691
0,1.767
0,1.907
0.332,2.046
1.166,2.179
2.906,2.259
4.794,2.253
6.296,2.235
7.17,2.08
7.238,1.968
6.578,1.91
5.238,1.936
3.386,2.073
1.493,2.295
0.269,2.523
0,2.635
0,2.487
0,2.271
0,2.227
0,2.084
0,2.019
0,1.938
0,1.911
0,1.867
0,1.953
0,2.287
0,2.967
0.296,3.402
1.036,3.443
2.457,3.317
3.915,3.196
5.063,3.116
5.758,2.977
5.879,2.942
5.35,2.95
4.256,2.994
2.776,3.134
1.256,3.325
0.22,3.495
0,3.461
0,3.131
0,2.775
0,2.591
0,2.339
0,2.249
0,2.141
0,2.104
0,2.092
0,2.144
0,2.46
0,3.119
0.283,3.473
1.018,3.52
2.417,3.378
3.883,3.273
5.022,3.201
5.695,3.029
5.812,3.025
5.26,3.027
4.148,3.096
2.655,3.239
1.161,3.424
0.197,3.504
0,3.495
0,3.167
0,2.861
0,2.665
0,2.483
0,2.371
0,2.219
0,2.159
0,2.104
0,2.135
0,2.463
0,3.074
0.256,3.441
0.91,3.494
2.175,3.471
3.404,3.501
4.332,3.481
5.031,3.317
5.296,3.248
4.888,3.187
3.933,3.185
2.605,3.21
1.166,3.336
0.179,3.509
0,3.479
0,3.155
0,2.831
0,2.624
0,2.392
0,2.256
0,2.134
0,2.098
0,2.06
0,2.11
0,2.438
0,3.092
0.265,3.479
0.955,3.531
2.305,3.446
3.753,3.356
4.798,3.22
5.422,3.017
5.556,2.991
5.018,3.037
3.915,3.175
2.462,3.315
1.04,3.419
0.161,3.504
0,3.43
0,3.122
0,2.81
0,2.654
0,2.405
0,2.303
0,2.198
0,2.122
0,2.077
0,2.149
0,2.459
0,3.068
0.247,3.48
0.933,3.504
2.291,3.355
3.771,3.198
4.978,3.096
5.717,2.874
5.852,2.776
5.283,2.728
4.161,2.842
2.655,3.018
1.126,3.204
0.161,3.359
0,3.295
0,2.965
0,2.672
0,2.528
0,2.316
0,2.224
0,2.111
0,2.06
0,1.999
0,1.996
0,2.096
0,2.301
0.238,2.491
0.96,2.616
2.52,2.648
4.269,2.593
5.713,2.525
6.578,2.355
6.673,2.219
5.991,2.271
4.664,2.513
2.848,2.715
1.099,2.782
0.139,2.806
0,2.734
0,2.545
0,2.355
0,2.29
0,2.119
0,1.988
0,1.876
0,1.815
0,1.767
0,1.756
0,1.825
0,1.949
0.229,2.1
0.78,2.225
1.776,2.411
2.413,2.632
2.803,2.758
3.112,2.722
2.987,2.61
2.543,2.522
1.937,2.485
1.224,2.469
0.578,2.559
0.121,2.724
0,2.716
0,2.528
0,2.32
0,2.292
0,2.118
0,2.024
0,1.926
0,1.882
0,1.857
0,1.967
0,2.343
0,3.057
0.206,3.493
0.709,3.558
1.614,3.467
2.587,3.43
3.309,3.443
3.646,3.266
3.43,3.341
2.901,3.377
2.229,3.489
1.386,3.571
0.695,3.599
0.157,3.628
0,3.476
0,3.173
0,2.841
0,2.661
0,2.42
0,2.284
0,2.164
0,2.114
0,2.082
0,2.153
0,2.513
0,3.216
0.184,3.634
0.637,3.74
1.619,3.739
2.789,3.715
3.803,3.648
4.466,3.442
4.641,3.368
4.215,3.332
3.175,3.345
1.87,3.364
0.758,3.454
0.099,3.618
0,3.563
0,3.242
0,2.916
0,2.732
0,2.47
0,2.364
0,2.225
0,2.163
0,2.129
0,2.187
0,2.48
0,3.186
0.188,3.598
0.758,3.662
1.928,3.49
3.341,3.345
4.525,3.237
5.26,3.068
5.39,3.023
4.821,3.032
3.726,3.096
2.287,3.239
0.888,3.469
0.081,3.665
0,3.592
0,3.298
0,2.958
0,2.741
0,2.507
0,2.385
0,2.22
0,2.178
0,2.138
0,2.195
0,2.526
0,3.165
0.184,3.539
0.749,3.627
1.915,3.56
3.278,3.463
4.363,3.327
4.987,3.123
4.924,3.07
4.224,3.106
3.094,3.234
1.794,3.366
0.677,3.515
0.076,3.638
0,3.54
0,3.208
0,2.881
0,2.715
0,2.462
0,2.337
0,2.2
0,2.15
0,2.119
0,2.162
0,2.546
0,3.204
0.166,3.611
0.735,3.701
1.955,3.549
3.354,3.408
4.502,3.279
5.229,3.07
5.332,2.97
4.735,2.922
3.61,2.972
2.179,3.085
0.807,3.298
0.072,3.444
0,3.34
0,3.012
0,2.715
0,2.577
0,2.404
0,2.311
0,2.175
0,2.109
0,2.047
0,2.023
0,2.133
0,2.321
0.184,2.53
0.767,2.635
2.058,2.678
3.605,2.649
4.888,2.613
5.596,2.495
5.659,2.466
5,2.494
3.677,2.553
1.955,2.667
0.632,2.791
0.063,2.866
0,2.767
0,2.561
0,2.386
0,2.295
0,2.135
0,2.06
0,1.939
0,1.875
0,1.794
0,1.792
0,1.864
0,2.02
0.17,2.192
0.529,2.355
1.336,2.534
2.323,2.656
3.157,2.759
3.668,2.67
3.574,2.656
3.448,2.593
2.529,2.562
1.484,2.595
0.7,2.726
0.072,2.861
0,2.847
0,2.651
0,2.475
0,2.468
0,2.332
0,2.257
0,2.151
0,2.144
0,2.095
0,2.171
0,2.525
0,3.182
0.152,3.674
0.7,3.765
1.812,3.635
3.166,3.524
4.323,3.393
5.004,3.157
5.094,3.03
4.529,2.987
3.439,3.054
2.049,3.211
0.722,3.508
0.027,3.751
0,3.651
0,3.344
0,3.036
0,2.854
0,2.613
0,2.469
0,2.328
0,2.29
0,2.254
0,2.307
0,2.678
0,3.392
0.139,3.877
0.673,3.868
1.776,3.676
3.103,3.498
4.13,3.396
4.614,3.276
4.435,3.311
3.628,3.337
2.448,3.409
1.3,3.509
0.475,3.625
0.018,3.824
0,3.677
0,3.359
0,3.038
0,2.877
0,2.645
0,2.527
0,2.392
0,2.358
0,2.307
0,2.381
0,2.74
0,3.472
0.126,3.932
0.65,3.96
1.709,3.806
3,3.697
4.04,3.545
4.641,3.397
4.628,3.385
3.879,3.382
2.677,3.502
1.43,3.551
0.493,3.684
0.013,3.842
0,3.666
0,3.347
0,3.025
0,2.861
0,2.663
0,2.493
0,2.378
0,2.325
0,2.29
0,2.365
0,2.71
0,3.395
0.117,3.832
0.547,3.948
1.404,3.882
2.439,3.856
3.179,3.823
3.596,3.686
3.525,3.539
2.928,3.432
2.099,3.369
1.269,3.447
0.489,3.66
0.013,3.828
0,3.701
0,3.356
0,3.033
0,2.866
0,2.627
0,2.474
0,2.32
0,2.288
0,2.244
0,2.304
0,2.613
0,3.262
0.112,3.711
0.408,3.892
1.004,3.919
1.726,3.954
2.399,3.945
2.865,3.753
2.825,3.589
2.498,3.393
1.812,3.359
1.018,3.366
0.399,3.445
0.004,3.527
0,3.383
0,3.077
0,2.763
0,2.644
0,2.436
0,2.287
0,2.142
0,2.058
0,2.001
0,2.01
0,2.129
0,2.363
0.117,2.616
0.516,2.771
1.439,2.808
2.722,2.732
3.996,2.723
4.744,2.614
4.673,2.511
3.942,2.5
2.753,2.612
1.489,2.678
0.471,2.816
0.004,2.925
0,2.817
0,2.615
0,2.413
0,2.364
0,2.171
0,2.068
0,1.932
0,1.886
0,1.824
0,1.838
0,1.922
0,2.07
0.108,2.28
0.448,2.448
1.278,2.568
2.413,2.636
3.578,2.65
4.574,2.442
4.803,2.239
4.274,2.188
3.179,2.189
1.767,2.35
0.538,2.567
0.004,2.807
0,2.77
0,2.613
0,2.425
0,2.408
0,2.247
0,2.142
0,2.049
0,2.014
0,1.995
0,2.103
0,2.495
0,3.223
0.099,3.771
0.543,3.873
1.453,3.659
2.646,3.508
3.704,3.385
4.336,3.164
4.471,3.174
3.915,3.185
2.839,3.275
1.525,3.381
0.439,3.626
0.004,3.779
0,3.581
0,3.229
0,2.905
0,2.739
0,2.492
0,2.345
0,2.233
0,2.176
0,2.127
0,2.192
0,2.55
0,3.212
0.085,3.678
0.354,3.848
0.753,3.85
1.269,3.936
1.664,4.027
1.789,3.965
1.677,3.932
1.323,3.823
0.897,3.803
0.605,3.702
0.274,3.745
0,3.768
0,3.574
0,3.287
0,2.986
0,2.816
0,2.57
0,2.442
0,2.326
0,2.278
0,2.229
0,2.312
0,2.659
0,3.306
0.076,3.779
0.363,3.954
0.874,3.906
1.7,3.802
2.592,3.658
3.108,3.454
3.108,3.321
2.601,3.208
1.843,3.254
1.099,3.355
0.327,3.505
0,3.649
0,3.49
0,3.177
0,2.893
0,2.725
0,2.466
0,2.291
0,2.152
0,2.078
0,2.004
0,1.984
0,2.068
0,2.21
0.09,2.425
0.417,2.588
1.202,2.618
2.498,2.628
3.664,2.652
4.103,2.549
3.538,2.594
2.489,2.605
1.471,2.574
0.749,2.607
0.291,2.76
0,2.92
0,2.844
0,2.643
0,2.444
0,2.411
0,2.215
0,2.088
0,1.983
0,1.931
0,1.891
0,1.964
0,2.222
0,2.699
0.067,3.117
0.251,3.411
0.377,3.609
0.561,3.661
0.964,3.665
1.318,3.42
1.677,3.145
1.7,2.94
1.48,2.93
0.946,2.982
0.305,3.148
0,3.282
0,3.125
0,2.893
0,2.636
0,2.537
0,2.329
0,2.196
0,2.083
0,2.019
0,1.966
0,1.985
0,2.129
0,2.336
0.063,2.582
0.399,2.759
1.229,2.826
2.587,2.789
3.861,2.694
4.614,2.489
4.753,2.302
4.152,2.248
3,2.306
1.592,2.497
0.381,2.794
0,2.93
0,2.764
0,2.578
0,2.382
0,2.362
0,2.17
0,2.069
0,1.959
0,1.914
0,1.853
0,1.845
0,1.863
0,1.982
0.067,2.189
0.466,2.325
1.287,2.372
2.529,2.364
3.762,2.365
4.498,2.443
4.493,2.377
3.821,2.36
2.646,2.348
1.327,2.422
0.332,2.584
0,2.817
0,2.783
0,2.684
0,2.538
0,2.389
0,2.401
0,2.231
0,2.138
0,2.057
0,2.023
0,2.01
0,2.129
0,2.483
0.058,3.124
0.363,3.543
0.865,3.69
1.525,3.608
2.283,3.552
2.825,3.497
2.915,3.468
2.435,3.62
1.574,3.693
0.771,3.738
0.242,3.748
0,3.826
0,3.724
0,3.485
0,3.178
0,2.894
0,2.754
0,2.515
0,2.379
0,2.243
0,2.224
0,2.188
0,2.226
0,2.538
0.049,3.151
0.265,3.598
0.408,3.885
0.65,3.999
0.928,4.159
0.969,4.298
1.022,4.141
1.045,3.985
0.848,3.871
0.525,3.813
0.22,3.798
0,3.827
0,3.689
0,3.468
0,3.199
0,2.92
0,2.772
0,2.543
0,2.382
0,2.227
0,2.18
0,2.114
0,2.133
0,2.231
0.045,2.339
0.48,2.405
1.386,2.41
2.735,2.412
4.009,2.411
4.749,2.443
4.753,2.365
4.045,2.349
2.794,2.405
1.359,2.555
0.278,2.77
0,2.979
0,2.987
0,2.868
0,2.726
0,2.568
0,2.543
0,2.348
0,2.286
0,2.154
0,2.112
0,2.099
0,2.212
0,2.597
0.04,3.215
0.359,3.486
0.933,3.518
1.812,3.42
2.61,3.413
2.978,3.48
2.821,3.46
2.085,3.619
1.135,3.68
0.52,3.721
0.175,3.766
0,3.844
0,3.723
0,3.499
0,3.248
0,2.985
0,2.87
0,2.619
0,2.457
0,2.317
0,2.286
0,2.249
0,2.337
0,2.704
0.031,3.233
0.251,3.654
0.417,3.903
0.682,3.993
1.004,4.094
1.336,4.118
1.538,3.942
1.43,3.765
1.072,3.673
0.664,3.694
0.197,3.771
0,3.907
0,3.775
0,3.55
0,3.265
0,2.963
0,2.83
0,2.591
0,2.455
0,2.325
0,2.25
0,2.203
0,2.227
0,2.378
0.036,2.581
0.368,2.696
1.049,2.731
2.166,2.713
3.314,2.681
4.094,2.661
4.143,2.61
3.538,2.55
2.39,2.585
1.009,2.769
0.193,2.968
0,3.176
0,3.073
0,2.87
0,2.706
0,2.514
0,2.479
0,2.286
0,2.142
0,2.02
0,1.995
0,1.926
0,1.929
0,2.026
0.031,2.159
0.287,2.295
0.596,2.349
1.368,2.425
2.48,2.473
3.534,2.461
3.861,2.371
3.274,2.311
2.283,2.326
1.103,2.396
0.215,2.627
0,2.912
0,2.937
0,2.807
0,2.616
0,2.454
0,2.486
0,2.316
0,2.247
0,2.154
0,2.134
0,2.106
0,2.217
0,2.619
0.013,3.35
0.381,3.674
1.054,3.674
2,3.533
2.928,3.434
3.507,3.373
3.578,3.244
3.094,3.29
2.161,3.324
1.063,3.522
0.193,3.783
0,3.959
0,3.875
0,3.658
0,3.361
0,3.075
0,2.944
0,2.688
0,2.565
0,2.42
0,2.337
0,2.313
0,2.384
0,2.756
0,3.441
0.341,3.741
0.919,3.735
1.78,3.683
2.605,3.708
3.013,3.733
2.839,3.674
2.256,3.722
1.48,3.702
0.695,3.817
0.161,3.937
0,4.053
0,3.949
0,3.736
0,3.433
0,3.153
0,2.999
0,2.749
0,2.596
0,2.46
0,2.418
0,2.412
0,2.512
0,2.886
0,3.558
0.422,3.895
1.233,3.841
2.413,3.662
3.556,3.488
4.238,3.401
4.197,3.301
3.426,3.32
2.327,3.382
1.269,3.623
0.336,3.883
0,4.086
0,4.045
0,3.835
0,3.563
0,3.271
0,3.131
0,2.887
0,2.749
0,2.634
0,2.601
0,2.572
0,2.665
0,3.058
0,3.729
0.386,4.039
1.09,3.944
2.157,3.775
3.242,3.67
3.933,3.621
4.063,3.499
3.453,3.566
2.314,3.653
1.054,3.773
0.179,3.926
0,4.052
0,3.951
0,3.769
0,3.491
0,3.2
0,3.043
0,2.793
0,2.629
0,2.493
0,2.445
0,2.391
0,2.476
0,2.846
0,3.45
0.274,3.858
0.471,3.971
0.825,3.917
1.157,3.824
1.323,3.78
1.39,3.717
1.305,3.745
1.054,3.711
0.623,3.72
0.161,3.824
0,3.914
0,3.792
0,3.584
0,3.314
0,3.051
0,2.948
0,2.721
0,2.591
0,2.445
0,2.381
0,2.324
0,2.349
0,2.489
0,2.702
0.291,2.907
0.619,3.092
1.193,3.157
1.892,3.129
2.435,3.137
2.628,3.038
2.327,2.959
1.744,2.961
0.906,3.036
0.17,3.232
0,3.435
0,3.361
0,3.187
0,3.046
0,2.849
0,2.858
0,2.673
0,2.543
0,2.411
0,2.37
0,2.342
0,2.364
0,2.43
0,2.57
0.368,2.696
1.099,2.687
2.238,2.687
3.417,2.682
4.121,2.681
4.206,2.594
3.691,2.557
2.578,2.573
1.166,2.69
0.152,2.899
0,3.136
0,3.135
0,3.018
0,2.861
0,2.684
0,2.692
0,2.508
0,2.401
0,2.282
0,2.254
0,2.217
0,2.316
0,2.737
0,3.457
0.269,3.906
0.529,4.061
0.892,4.076
1.247,4.129
1.785,4.119
2.049,3.975
1.753,4.014
1.242,4.022
0.668,4.041
0.112,4.143
0,4.149
0,4.013
0,3.789
0,3.472
0,3.161
0,3
0,2.768
0,2.589
0,2.456
0,2.393
0,2.377
0,2.481
0,2.836
0,3.457
0.256,3.849
0.547,4.007
1.09,3.984
1.704,3.833
2.202,3.717
2.287,3.649
1.771,3.771
1.211,3.773
0.614,3.827
0.103,3.978
0,4.029
0,3.892
0,3.673
0,3.388
0,3.078
0,2.94
0,2.691
0,2.519
0,2.371
0,2.318
0,2.285
0,2.392
0,2.777
0,3.375
0.269,3.764
0.709,3.873
1.386,3.797
2.076,3.717
2.502,3.653
2.682,3.51
2.377,3.548
1.637,3.617
0.776,3.763
0.103,3.914
0,4.023
0,3.919
0,3.704
0,3.433
0,3.129
0,3.009
0,2.744
0,2.609
0,2.466
0,2.417
0,2.375
0,2.471
0,2.846
0,3.514
0.269,3.9
0.87,3.848
1.767,3.627
2.682,3.522
3.309,3.514
3.372,3.503
2.704,3.648
1.587,3.751
0.673,3.812
0.099,3.928
0,4.012
0,3.902
0,3.685
0,3.401
0,3.137
0,2.975
0,2.713
0,2.566
0,2.424
0,2.376
0,2.336
0,2.426
0,2.791
0,3.44
0.215,3.921
0.43,4.153
0.771,4.184
1.139,4.186
1.426,4.055
1.592,3.832
1.565,3.759
1.256,3.755
0.619,3.823
0.099,4.016
0,4.119
0,4
0,3.748
0,3.463
0,3.212
0,3.13
0,2.906
0,2.74
0,2.594
0,2.52
0,2.468
0,2.479
0,2.605
0,2.808
0.251,3.018
0.767,3.14
1.641,3.173
2.507,3.156
3.112,3.188
3.274,3.104
2.87,3.03
2.009,3.009
0.897,3.122
0.099,3.312
0,3.469
0,3.365
0,3.193
0,3.015
0,2.826
0,2.793
0,2.562
0,2.372
0,2.229
0,2.18
0,2.133
0,2.157
0,2.233
0,2.35
0.211,2.546
0.43,2.702
0.807,2.808
1.287,2.92
1.578,2.996
1.892,2.874
1.7,2.737
1.215,2.671
0.632,2.767
0.094,2.939
0,3.093
0,3.091
0,2.973
0,2.803
0,2.631
0,2.646
0,2.442
0,2.311
0,2.218
0,2.197
0,2.182
0,2.276
0,2.697
0,3.344
0.22,3.784
0.695,3.849
1.48,3.776
2.341,3.724
2.839,3.708
2.803,3.578
2.359,3.612
1.641,3.651
0.717,3.768
0.085,3.976
0,4.083
0,3.974
0,3.752
0,3.437
0,3.129
0,2.994
0,2.744
0,2.574
0,2.446
0,2.387
0,2.357
0,2.446
0,2.843
0,3.507
0.193,3.942
0.475,4.07
0.87,4.009
1.269,4.022
1.498,4.009
1.547,3.926
1.363,3.961
0.973,3.903
0.502,3.934
0.081,4.046
0,4.097
0,3.983
0,3.761
0,3.46
0,3.175
0,3.062
0,2.808
0,2.634
0,2.496
0,2.451
0,2.43
0,2.517
0,2.899
0,3.564
0.184,4.02
0.556,4.183
1.143,4.137
1.803,4.1
2.278,4.059
2.43,3.945
2.161,3.983
1.52,4.02
0.7,4.112
0.067,4.233
0,4.328
0,4.239
0,4.026
0,3.734
0,3.475
0,3.345
0,3.085
0,2.958
0,2.832
0,2.797
0,2.758
0,2.857
0,3.254
0,3.92
0.188,4.401
0.717,4.51
1.628,4.285
2.596,4.098
3.251,3.941
3.363,3.691
3.148,3.636
2.224,3.713
1.143,3.93
0.161,4.156
0,4.249
0,4.192
0,3.983
0,3.674
0,3.387
0,3.259
0,2.977
0,2.808
0,2.683
0,2.627
0,2.57
0,2.65
0,2.983
0,3.575
0.175,4.003
0.502,4.199
0.942,4.15
1.395,4.095
1.726,4.038
1.713,3.988
1.439,3.979
0.942,3.952
0.466,4.023
0.067,4.132
0,4.18
0,4.073
0,3.846
0,3.623
0,3.372
0,3.283
0,3.084
0,2.981
0,2.833
0,2.758
0,2.661
0,2.658
0,2.773
0,3.035
0.179,3.299
0.574,3.479
1.345,3.555
2.085,3.622
2.543,3.717
2.623,3.741
2.224,3.7
1.498,3.606
0.659,3.627
0.067,3.754
0,3.832
0,3.749
0,3.554
0,3.367
0,3.166
0,3.133
0,2.932
0,2.796
0,2.657
0,2.611
0,2.521
0,2.556
0,2.647
0,2.761
0.17,2.972
0.561,3.15
1.211,3.318
1.951,3.476
2.417,3.521
2.538,3.369
2.291,3.246
1.61,3.199
0.713,3.244
0.063,3.427
0,3.606
0,3.614
0,3.533
0,3.349
0,3.193
0,3.205
0,2.997
0,2.893
0,2.79
0,2.772
0,2.734
0,2.852
0,3.227
0,3.907
0.143,4.395
0.538,4.578
1.13,4.576
1.771,4.446
2.305,4.333
2.587,4.133
2.368,4.136
1.556,4.162
0.601,4.247
0.045,4.415
0,4.447
0,4.329
0,4.108
0,3.84
0,3.556
0,3.392
0,3.122
0,2.98
0,2.818
0,2.779
0,2.741
0,2.864
0,3.219
0,3.827
0.126,4.274
0.359,4.462
0.682,4.503
1.085,4.484
1.345,4.432
1.453,4.33
1.327,4.288
0.942,4.287
0.471,4.38
0.036,4.52
0,4.571
0,4.488
0,4.292
0,4.03
0,3.731
0,3.611
0,3.37
0,3.248
0,3.125
0,3.072
0,3.046
0,3.138
0,3.465
0,4.123
0.135,4.605
0.619,4.737
1.399,4.659
2.256,4.592
2.852,4.54
2.991,4.402
2.632,4.372
1.825,4.364
0.762,4.522
0.031,4.72
0,4.796
0,4.727
0,4.487
0,4.191
0,3.885
0,3.719
0,3.457
0,3.315
0,3.164
0,3.1
0,3.03
0,3.1
0,3.464
0,4.08
0.117,4.583
0.345,4.809
0.61,4.776
1.031,4.77
1.448,4.754
1.646,4.659
1.538,4.638
0.964,4.566
0.422,4.541
0.027,4.596
0,4.576
0,4.444
0,4.23
0,3.884
0,3.552
0,3.424
0,3.157
0,3.034
0,2.865
0,2.806
0,2.757
0,2.824
0,3.18
0,3.77
0.117,4.283
0.314,4.49
0.538,4.564
0.839,4.649
1.018,4.661
1.04,4.586
0.821,4.446
0.538,4.345
0.341,4.369
0.027,4.434
0,4.407
0,4.278
0,4.049
0,3.741
0,3.436
0,3.342
0,3.128
0,2.972
0,2.822
0,2.729
0,2.64
0,2.658
0,2.783
0,2.998
0.112,3.24
0.309,3.469
0.511,3.72
0.726,3.894
0.843,4.052
0.951,4.015
0.901,3.887
0.704,3.789
0.399,3.766
0.022,3.835
0,3.947
0,3.822
0,3.633
0,3.475
0,3.285
0,3.257
0,3.056
0,2.931
0,2.774
0,2.731
0,2.655
0,2.65
0,2.754
0,2.9
0.117,3.127
0.565,3.368
1.341,3.573
2.265,3.692
2.924,3.759
3.094,3.664
2.668,3.515
1.807,3.424
0.753,3.468
0.022,3.652
0,3.861
0,3.906
0,3.838
0,3.679
0,3.483
0,3.509
0,3.335
0,3.234
0,3.092
0,3.057
0,3.042
0,3.16
0,3.6
0,4.296
0.108,4.77
0.556,4.988
1.242,5
1.883,4.982
2.166,4.955
2.072,4.938
1.646,4.903
0.982,4.829
0.435,4.814
0.022,4.886
0,4.943
0,4.812
0,4.564
0,4.255
0,3.943
0,3.787
0,3.532
0,3.371
0,3.181
0,3.111
0,3.071
0,3.148
0,3.53
0,4.171
0.099,4.642
0.435,4.843
0.928,4.866
1.444,4.873
1.771,4.877
1.816,4.764
1.57,4.723
1.022,4.649
0.466,4.631
0.022,4.713
0,4.743
0,4.615
0,4.378
0,4.034
0,3.726
0,3.585
0,3.317
0,3.169
0,3.005
0,2.942
0,2.884
0,2.98
0,3.363
0,3.998
0.09,4.497
0.381,4.772
0.798,4.867
1.323,4.892
1.664,4.874
1.682,4.798
1.444,4.753
0.96,4.642
0.448,4.611
0.022,4.677
0,4.688
0,4.563
0,4.344
0,4.024
0,3.698
0,3.553
0,3.303
0,3.12
0,2.981
0,2.906
0,2.889
0,2.99
0,3.366
0,3.992
0.09,4.515
0.457,4.751
1.067,4.771
1.762,4.734
2.256,4.679
2.408,4.5
2.175,4.44
1.538,4.393
0.664,4.456
0.018,4.643
0,4.698
0,4.554
0,4.297
0,4.016
0,3.725
0,3.616
0,3.357
0,3.217
0,3.053
0,2.98
0,2.906
0,2.899
0,2.978
0,3.117
0.085,3.357
0.462,3.574
1.13,3.776
1.906,3.859
2.422,3.875
2.448,3.792
1.987,3.665
1.242,3.606
0.511,3.661
0.018,3.812
0,3.902
0,3.788
0,3.617
0,3.426
0,3.218
0,3.18
0,2.943
0,2.79
0,2.65
0,2.58
0,2.508
0,2.552
0,2.705
0,2.945
0.085,3.225
0.336,3.505
0.641,3.725
1.211,3.845
1.83,3.878
2.224,3.769
2.094,3.656
1.435,3.603
0.61,3.672
0.022,3.796
0,3.857
0,3.721
0,3.547
0,3.341
0,3.15
0,3.116
0,2.902
0,2.729
0,2.575
0,2.504
0,2.438
0,2.444
0,2.526
0,2.639
0.085,2.852
0.381,3.068
0.901,3.306
1.744,3.428
2.48,3.515
2.771,3.352
2.475,3.216
1.74,3.128
0.7,3.204
0.022,3.375
0,3.503
0,3.505
0,3.418
0,3.249
0,3.061
0,3.071
0,2.879
0,2.754
0,2.637
0,2.591
0,2.555
0,2.691
0,3.098
0,3.77
0.067,4.36
0.318,4.573
0.565,4.542
0.928,4.481
1.377,4.533
1.637,4.523
1.489,4.593
0.865,4.53
0.417,4.525
0.018,4.555
0,4.541
0,4.397
0,4.168
0,3.83
0,3.5
0,3.339
0,3.058
0,2.886
0,2.734
0,2.674
0,2.658
0,2.736
0,3.124
0,3.793
0.058,4.308
0.422,4.509
0.96,4.461
1.529,4.392
1.852,4.338
1.87,4.247
1.462,4.305
0.883,4.328
0.413,4.398
0.018,4.481
0,4.471
0,4.323
0,4.075
0,3.787
0,3.46
0,3.311
0,3.051
0,2.884
0,2.732
0,2.684
0,2.63
0,2.722
0,3.053
0,3.673
0.054,4.177
0.3,4.451
0.484,4.511
0.749,4.533
0.928,4.556
0.933,4.504
0.776,4.52
0.547,4.462
0.345,4.447
0.018,4.475
0,4.453
0,4.323
0,4.086
0,3.789
0,3.467
0,3.323
0,3.04
0,2.871
0,2.702
0,2.626
0,2.617
0,2.698
0,3.107
0,3.734
0.063,4.259
0.404,4.477
0.857,4.515
1.435,4.482
1.834,4.458
1.883,4.327
1.574,4.298
1.067,4.322
0.534,4.365
0.022,4.444
0,4.467
0,4.339
0,4.088
0,3.79
0,3.471
0,3.337
0,3.074
0,2.957
0,2.805
0,2.738
0,2.69
0,2.762
0,3.114
0,3.731
0.063,4.235
0.422,4.499
0.919,4.501
1.538,4.481
1.978,4.375
2.143,4.243
1.919,4.181
1.336,4.129
0.614,4.141
0.022,4.266
0,4.311
0,4.18
0,3.943
0,3.647
0,3.364
0,3.264
0,3.024
0,2.88
0,2.706
0,2.624
0,2.556
0,2.569
0,2.733
0,2.925
0.063,3.188
0.471,3.419
1.117,3.567
1.987,3.563
2.628,3.541
2.807,3.357
2.471,3.26
1.713,3.26
0.744,3.41
0.022,3.612
0,3.721
0,3.633
0,3.463
0,3.282
0,3.096
0,3.08
0,2.869
0,2.717
0,2.559
0,2.505
0,2.442
0,2.452
0,2.551
0,2.674
0.058,2.89
0.48,3.057
1.206,3.112
2.224,3.104
3.103,3.089
3.413,2.94
2.991,2.883
1.991,2.902
0.789,3.06
0.022,3.258
0,3.425
0,3.456
0,3.371
0,3.214
0,3.017
0,3.034
0,2.854
0,2.698
0,2.594
0,2.565
0,2.554
0,2.632
0,3.048
0,3.744
0.054,4.307
0.471,4.539
1.148,4.362
2.009,4.174
2.726,4.01
3.031,3.897
2.749,3.891
1.919,3.981
0.798,4.154
0.022,4.312
0,4.377
0,4.277
0,4.072
0,3.782
0,3.454
0,3.316
0,3.06
0,2.899
0,2.762
0,2.694
0,2.644
0,2.76
0,3.155
0,3.826
0.054,4.371
0.48,4.52
1.188,4.339
2.063,4.137
2.771,3.994
3.058,3.845
2.762,3.856
1.919,3.959
0.803,4.134
0.022,4.315
0,4.37
0,4.286
0,4.058
0,3.787
0,3.464
0,3.325
0,3.042
0,2.903
0,2.748
0,2.707
0,2.663
0,2.745
0,3.115
0,3.712
0.04,4.232
0.327,4.438
0.561,4.473
0.91,4.476
1.157,4.455
1.229,4.358
1.188,4.258
0.969,4.193
0.52,4.204
0.027,4.303
0,4.353
0,4.237
0,4.019
0,3.718
0,3.392
0,3.259
0,3.018
0,2.827
0,2.682
0,2.609
0,2.575
0,2.629
0,2.97
0,3.557
0.049,4.051
0.435,4.246
1.013,4.23
1.686,4.196
1.973,4.205
1.722,4.201
1.251,4.189
0.74,4.118
0.43,4.103
0.027,4.176
0,4.164
0,4.013
0,3.779
0,3.49
0,3.174
0,3.085
0,2.86
0,2.69
0,2.551
0,2.483
0,2.431
0,2.524
0,2.845
0,3.31
0.049,3.747
0.341,3.916
0.632,3.919
1.036,3.898
1.354,3.884
1.498,3.813
1.368,3.808
0.978,3.782
0.493,3.744
0.031,3.832
0,3.873
0,3.747
0,3.503
0,3.254
0,2.984
0,2.922
0,2.707
0,2.528
0,2.344
0,2.277
0,2.213
0,2.238
0,2.397
0,2.577
0.045,2.851
0.39,3.073
0.753,3.221
1.229,3.297
1.623,3.42
1.7,3.397
1.439,3.326
1.072,3.254
0.583,3.268
0.036,3.411
0,3.47
0,3.341
0,3.139
0,2.948
0,2.73
0,2.671
0,2.445
0,2.301
0,2.118
0,2.063
0,2.009
0,2.03
0,2.129
0,2.265
0.045,2.49
0.386,2.704
0.825,2.858
1.511,2.931
2.054,2.977
2.211,2.92
1.816,2.867
1.202,2.81
0.574,2.836
0.045,2.931
0,2.965
0,2.828
0,2.644
0,2.512
0,2.404
0,2.453
0,2.286
0,2.168
0,2.023
0,1.959
0,1.881
0,1.904
0,2.014
0,2.139
0.045,2.346
0.39,2.547
0.906,2.704
1.659,2.768
2.269,2.768
2.462,2.665
2.09,2.518
1.372,2.5
0.637,2.563
0.054,2.698
0,2.822
0,2.845
0,2.739
0,2.622
0,2.47
0,2.462
0,2.268
0,2.151
0,2.018
0,1.978
0,1.939
0,1.982
0,2.115
0,2.247
0.045,2.459
0.444,2.674
1.103,2.798
1.987,2.849
2.668,2.854
2.803,2.739
2.314,2.702
1.48,2.693
0.664,2.725
0.067,2.849
0,2.969
0,2.969
0,2.868
0,2.707
0,2.541
0,2.523
0,2.346
0,2.229
0,2.103
0,2.038
0,2.003
0,2.067
0,2.296
0,2.622
0.031,2.983
0.444,3.227
1.188,3.239
2.179,3.111
2.901,3.037
3.148,2.962
2.821,2.921
1.951,2.982
0.812,3.185
0.058,3.373
0,3.53
0,3.482
0,3.292
0,3.034
0,2.776
0,2.729
0,2.519
0,2.388
0,2.255
0,2.223
0,2.161
0,2.205
0,2.449
0,2.794
0.04,3.126
0.413,3.344
1,3.344
1.771,3.254
2.466,3.175
2.785,3.108
2.552,3.129
1.83,3.172
0.807,3.316
0.072,3.489
0,3.626
0,3.544
0,3.329
0,3.067
0,2.841
0,2.78
0,2.556
0,2.382
0,2.258
0,2.163
0,2.127
0,2.19
0,2.448
0,2.781
0.04,3.1
0.439,3.292
1.094,3.345
1.933,3.314
2.673,3.194
3.058,3.084
2.789,3.06
1.955,3.11
0.825,3.187
0.081,3.354
0,3.509
0,3.444
0,3.255
0,3.009
0,2.775
0,2.742
0,2.521
0,2.379
0,2.259
0,2.19
0,2.117
0,2.145
0,2.313
0,2.484
0.04,2.73
0.422,2.959
1.085,3.087
2.121,3.034
3.009,2.956
3.381,2.801
3.045,2.717
2.157,2.751
0.955,2.929
0.09,3.164
0,3.334
0,3.274
0,3.128
0,2.945
0,2.729
0,2.692
0,2.475
0,2.313
0,2.177
0,2.148
0,2.101
0,2.127
0,2.237
0,2.367
0.04,2.592
0.404,2.777
0.955,2.896
1.744,2.947
2.444,2.927
2.74,2.912
2.453,2.933
1.673,2.947
0.722,2.994
0.094,3.129
0,3.23
0,3.177
0,3.013
0,2.818
0,2.639
0,2.656
0,2.507
